nombre;zona_geografica;año;t_min;t_max
Alto Palena Ad.;PreCordillera;1980;64,3;1,69300000000000e+02
Alto Palena Ad.;PreCordillera;1981;62,4;1,68200000000000e+02
Alto Palena Ad.;PreCordillera;1982;55,0;1,70000000000000e+02
Alto Palena Ad.;PreCordillera;1983;62,3;1,77400000000000e+02
Alto Palena Ad.;PreCordillera;1984;56,2;1,61400000000000e+02
Alto Palena Ad.;PreCordillera;1985;64,1;1,74500000000000e+02
Alto Palena Ad.;PreCordillera;1986;59,0;1,63900000000000e+02
Alto Palena Ad.;PreCordillera;1987;65,8;1,54100000000000e+02
Alto Palena Ad.;PreCordillera;1988;60,5;1,60100000000000e+02
Alto Palena Ad.;PreCordillera;1989;56,4;1,27400000000000e+02
Alto Palena Ad.;PreCordillera;1990;58,4;1,36400000000000e+02
Alto Palena Ad.;PreCordillera;1991;48,8;1,27300000000000e+02
Alto Palena Ad.;PreCordillera;1992;54,7;1,52300000000000e+02
Alto Palena Ad.;PreCordillera;1993;59,4;1,41400000000000e+02
Alto Palena Ad.;PreCordillera;1994;59,0;1,71700000000000e+02
Alto Palena Ad.;PreCordillera;1995;51,9;1,70100000000000e+02
Alto Palena Ad.;PreCordillera;1996;60,7;1,69500000000000e+02
Alto Palena Ad.;PreCordillera;1997;51,1;1,29800000000000e+02
Alto Palena Ad.;PreCordillera;1998;62,7;1,44500000000000e+02
Alto Palena Ad.;PreCordillera;1999;38,4;1,27400000000000e+02
Alto Palena Ad.;PreCordillera;2000;38,5;1,02400000000000e+02
Alto Palena Ad.;PreCordillera;2001;51,0;1,69500000000000e+02
Alto Palena Ad.;PreCordillera;2002;62,2;1,63000000000000e+02
Alto Palena Ad.;PreCordillera;2003;62,7;1,53900000000000e+02
Alto Palena Ad.;PreCordillera;2004;60,1;1,58200000000000e+02
Alto Palena Ad.;PreCordillera;2005;48,9;1,55300000000000e+02
Alto Palena Ad.;PreCordillera;2006;37,0;1,24300000000000e+02
Alto Palena Ad.;PreCordillera;2007;39,4;1,10700000000000e+02
Alto Palena Ad.;PreCordillera;2008;42,1;1,01500000000000e+02
Alto Palena Ad.;PreCordillera;2009;27,1;1,62000000000000e+01
Alto Palena Ad.;PreCordillera;2010;19,0;2,93000000000000e+01
Alto Palena Ad.;PreCordillera;2011;7,9;2,35000000000000e+01
Alto Palena Ad.;PreCordillera;2012;61,1;1,76800000000000e+02
Alto Palena Ad.;PreCordillera;2013;1882,5;5,18930000000000e+03
Alto Palena Ad.;PreCordillera;2014;69,1;1,81900000000000e+02
Alto Palena Ad.;PreCordillera;2015;61,1;1,89000000000000e+02
Alto Palena Ad.;PreCordillera;2016;1708,1;5,96630000000000e+03
Alto Palena Ad.;PreCordillera;2017;1456,9;4,10740000000000e+03
Alto Palena Ad.;PreCordillera;2018;1262,5;4,34350000000000e+03
Alto Palena Ad.;PreCordillera;2019;1150,0;4,06430000000000e+03
Alto Palena Ad.;PreCordillera;2020;1310,0;4,76110000000000e+03
Alto Palena Ad.;PreCordillera;2021;1326,8;4,79380000000000e+03
Alto Palena Ad.;PreCordillera;2022;1462,3;4,64070000000000e+03
Alto Palena Ad.;PreCordillera;2023;1476,7;4,96310000000000e+03
Alto Palena Ad.;PreCordillera;2024;957,9;2,82670000000000e+03
Arturo Prat, Base Antártica;Litoral;1980;-81,6;-1,94000000000000e+01
Arturo Prat, Base Antártica;Litoral;1981;-57,1;-7,10000000000000e+00
Arturo Prat, Base Antártica;Litoral;1982;0,0;0,00000000000000e+00
Arturo Prat, Base Antártica;Litoral;1983;-40,7;9,00000000000000e-01
Arturo Prat, Base Antártica;Litoral;1984;-44,0;8,00000000000000e-01
Arturo Prat, Base Antártica;Litoral;1985;-18,7;6,00000000000000e-01
Arturo Prat, Base Antártica;Litoral;1986;-64,8;-1,65000000000000e+01
Arturo Prat, Base Antártica;Litoral;1987;-67,5;-1,48000000000000e+01
Arturo Prat, Base Antártica;Litoral;1988;-51,6;0,00000000000000e+00
Arturo Prat, Base Antártica;Litoral;1989;-29,8;8,40000000000000e+00
Arturo Prat, Base Antártica;Litoral;1990;-46,8;-2,30000000000000e+00
Arturo Prat, Base Antártica;Litoral;1991;-68,6;-9,40000000000000e+00
Arturo Prat, Base Antártica;Litoral;1992;-54,0;-1,42000000000000e+01
Arturo Prat, Base Antártica;Litoral;1993;-33,9;7,00000000000000e-01
Arturo Prat, Base Antártica;Litoral;1994;-48,8;-6,20000000000000e+00
Arturo Prat, Base Antártica;Litoral;1995;-60,8;-1,33000000000000e+01
Arturo Prat, Base Antártica;Litoral;1996;-35,0;6,60000000000000e+00
Arturo Prat, Base Antártica;Litoral;1997;-49,6;-9,99999999999999e-01
Arturo Prat, Base Antártica;Litoral;1998;-39,8;5,20000000000000e+00
Arturo Prat, Base Antártica;Litoral;1999;-30,7;6,70000000000000e+00
Arturo Prat, Base Antártica;Litoral;2000;-33,1;5,50000000000000e+00
Arturo Prat, Base Antártica;Litoral;2001;-38,3;8,00000000000000e-01
Arturo Prat, Base Antártica;Litoral;2002;-52,9;-8,20000000000000e+00
Arturo Prat, Base Antártica;Litoral;2003;-44,7;1,00000000000000e+00
Arturo Prat, Base Antártica;Litoral;2004;0,0;0,00000000000000e+00
Arturo Prat, Base Antártica;Litoral;2005;0,0;0,00000000000000e+00
Arturo Prat, Base Antártica;Litoral;2006;0,0;0,00000000000000e+00
Arturo Prat, Base Antártica;Litoral;2007;0,0;0,00000000000000e+00
Arturo Prat, Base Antártica;Litoral;2008;-1,4;4,20000000000000e+00
Arturo Prat, Base Antártica;Litoral;2009;-55,4;-8,30000000000000e+00
Arturo Prat, Base Antártica;Litoral;2010;-38,7;-1,10000000000000e+00
Arturo Prat, Base Antártica;Litoral;2011;-59,0;-7,10000000000000e+00
Arturo Prat, Base Antártica;Litoral;2012;-51,0;-4,80000000000000e+00
Arturo Prat, Base Antártica;Litoral;2014;-47,2;6,00000000000000e-01
Arturo Prat, Base Antártica;Litoral;2015;-55,2;-4,20000000000000e+00
Balmaceda Ad.;Valle;1980;32,5;1,38000000000000e+02
Balmaceda Ad.;Valle;1981;29,5;1,43300000000000e+02
Balmaceda Ad.;Valle;1982;18,3;1,35900000000000e+02
Balmaceda Ad.;Valle;1983;28,8;1,49600000000000e+02
Balmaceda Ad.;Valle;1984;18,4;1,30900000000000e+02
Balmaceda Ad.;Valle;1985;35,1;1,44500000000000e+02
Balmaceda Ad.;Valle;1986;22,9;1,32200000000000e+02
Balmaceda Ad.;Valle;1987;30,2;1,49000000000000e+02
Balmaceda Ad.;Valle;1988;20,1;1,42600000000000e+02
Balmaceda Ad.;Valle;1989;29,3;1,38900000000000e+02
Balmaceda Ad.;Valle;1990;30,0;1,40600000000000e+02
Balmaceda Ad.;Valle;1991;19,4;1,26200000000000e+02
Balmaceda Ad.;Valle;1992;26,4;1,31400000000000e+02
Balmaceda Ad.;Valle;1993;28,1;1,38300000000000e+02
Balmaceda Ad.;Valle;1994;33,8;1,36600000000000e+02
Balmaceda Ad.;Valle;1995;24,2;1,37200000000000e+02
Balmaceda Ad.;Valle;1996;33,3;1,40100000000000e+02
Balmaceda Ad.;Valle;1997;27,9;1,39100000000000e+02
Balmaceda Ad.;Valle;1998;46,4;1,56800000000000e+02
Balmaceda Ad.;Valle;1999;26,4;1,50100000000000e+02
Balmaceda Ad.;Valle;2000;14,2;1,34000000000000e+02
Balmaceda Ad.;Valle;2001;19,2;1,37800000000000e+02
Balmaceda Ad.;Valle;2002;16,5;1,37400000000000e+02
Balmaceda Ad.;Valle;2003;25,6;1,44500000000000e+02
Balmaceda Ad.;Valle;2004;28,2;1,55300000000000e+02
Balmaceda Ad.;Valle;2005;18,4;1,46000000000000e+02
Balmaceda Ad.;Valle;2006;20,3;1,37600000000000e+02
Balmaceda Ad.;Valle;2007;17,3;1,42300000000000e+02
Balmaceda Ad.;Valle;2008;22,7;1,57500000000000e+02
Balmaceda Ad.;Valle;2009;30,6;1,42700000000000e+02
Balmaceda Ad.;Valle;2010;18,7;1,37400000000000e+02
Balmaceda Ad.;Valle;2011;24,7;1,53300000000000e+02
Balmaceda Ad.;Valle;2012;28,4;1,49100000000000e+02
Balmaceda Ad.;Valle;2013;840,1;4,79340000000000e+03
Balmaceda Ad.;Valle;2014;29,3;1,48800000000000e+02
Balmaceda Ad.;Valle;2015;30,9;1,53300000000000e+02
Balmaceda Ad.;Valle;2016;731,6;5,05050000000000e+03
Balmaceda Ad.;Valle;2017;1136,2;4,40340000000000e+03
Balmaceda Ad.;Valle;2018;839,6;4,39380000000000e+03
Balmaceda Ad.;Valle;2019;840,6;4,56550000000000e+03
Balmaceda Ad.;Valle;2020;940,8;4,59490000000000e+03
Balmaceda Ad.;Valle;2021;1094,0;5,05690000000000e+03
Balmaceda Ad.;Valle;2022;710,2;4,47880000000000e+03
Balmaceda Ad.;Valle;2023;725,0;4,40100000000000e+03
Balmaceda Ad.;Valle;2024;397,8;2,33110000000000e+03
Bernardo O`Higgins, Base Antártica;Litoral;1980;0,0;0,00000000000000e+00
Bernardo O`Higgins, Base Antártica;Litoral;1981;-85,4;-9,90000000000000e+00
Bernardo O`Higgins, Base Antártica;Litoral;1982;-64,0;-1,11000000000000e+01
Bernardo O`Higgins, Base Antártica;Litoral;1983;-77,1;-5,60000000000000e+00
Bernardo O`Higgins, Base Antártica;Litoral;1984;-72,5;-1,01000000000000e+01
Bernardo O`Higgins, Base Antártica;Litoral;1985;-59,1;-7,40000000000000e+00
Bernardo O`Higgins, Base Antártica;Litoral;1986;-98,2;-2,39000000000000e+01
Bernardo O`Higgins, Base Antártica;Litoral;1987;-86,3;-2,56000000000000e+01
Bernardo O`Higgins, Base Antártica;Litoral;1988;-33,6;-2,40000000000000e+00
Bernardo O`Higgins, Base Antártica;Litoral;1989;-42,7;-6,20000000000000e+00
Bernardo O`Higgins, Base Antártica;Litoral;1990;-75,3;-2,36000000000000e+01
Bernardo O`Higgins, Base Antártica;Litoral;1991;-76,5;-3,13000000000000e+01
Bernardo O`Higgins, Base Antártica;Litoral;1992;-73,9;-3,14000000000000e+01
Bernardo O`Higgins, Base Antártica;Litoral;1993;-59,3;-1,73000000000000e+01
Bernardo O`Higgins, Base Antártica;Litoral;1994;-75,5;-2,61000000000000e+01
Bernardo O`Higgins, Base Antártica;Litoral;1995;-78,0;-2,46000000000000e+01
Bernardo O`Higgins, Base Antártica;Litoral;1996;-56,8;-9,50000000000000e+00
Bernardo O`Higgins, Base Antártica;Litoral;1997;-70,4;-2,12000000000000e+01
Bernardo O`Higgins, Base Antártica;Litoral;1998;-61,6;-9,50000000000000e+00
Bernardo O`Higgins, Base Antártica;Litoral;1999;-51,6;-9,00000000000000e+00
Bernardo O`Higgins, Base Antártica;Litoral;2000;-53,1;-7,90000000000000e+00
Bernardo O`Higgins, Base Antártica;Litoral;2001;-49,5;-1,60000000000000e+00
Bernardo O`Higgins, Base Antártica;Litoral;2002;-70,7;-2,44000000000000e+01
Bernardo O`Higgins, Base Antártica;Litoral;2003;-60,5;-2,17000000000000e+01
Bernardo O`Higgins, Base Antártica;Litoral;2004;-53,7;-1,36000000000000e+01
Bernardo O`Higgins, Base Antártica;Litoral;2005;-60,8;-2,04000000000000e+01
Bernardo O`Higgins, Base Antártica;Litoral;2006;-52,3;-1,41000000000000e+01
Bernardo O`Higgins, Base Antártica;Litoral;2007;-81,8;-3,77000000000000e+01
Bernardo O`Higgins, Base Antártica;Litoral;2008;-52,7;-1,64000000000000e+01
Bernardo O`Higgins, Base Antártica;Litoral;2009;-68,3;-2,82000000000000e+01
Bernardo O`Higgins, Base Antártica;Litoral;2010;-48,7;-1,53000000000000e+01
Bernardo O`Higgins, Base Antártica;Litoral;2011;-74,4;-2,90000000000000e+01
Bernardo O`Higgins, Base Antártica;Litoral;2012;-74,7;-2,62000000000000e+01
Bernardo O`Higgins, Base Antártica;Litoral;2014;-65,8;-2,03000000000000e+01
Bernardo O`Higgins, Base Antártica;Litoral;2015;-75,2;-2,20000000000000e+01
C.M.A. Eduardo Frei Montalva, Antártica;Litoral;1980;0,2;3,70000000000000e+00
C.M.A. Eduardo Frei Montalva, Antártica;Litoral;1981;-53,0;-6,80000000000000e+00
C.M.A. Eduardo Frei Montalva, Antártica;Litoral;1982;-43,9;4,50000000000000e+00
C.M.A. Eduardo Frei Montalva, Antártica;Litoral;1983;-39,0;3,00000000000000e-01
C.M.A. Eduardo Frei Montalva, Antártica;Litoral;1984;-43,9;7,00000000000000e-01
C.M.A. Eduardo Frei Montalva, Antártica;Litoral;1985;-34,8;7,30000000000000e+00
C.M.A. Eduardo Frei Montalva, Antártica;Litoral;1986;-65,9;-9,50000000000000e+00
C.M.A. Eduardo Frei Montalva, Antártica;Litoral;1987;-65,5;-1,29000000000000e+01
C.M.A. Eduardo Frei Montalva, Antártica;Litoral;1988;-42,8;-9,10000000000000e+00
C.M.A. Eduardo Frei Montalva, Antártica;Litoral;1989;-28,4;1,29000000000000e+01
C.M.A. Eduardo Frei Montalva, Antártica;Litoral;1990;0,0;0,00000000000000e+00
C.M.A. Eduardo Frei Montalva, Antártica;Litoral;1991;-63,9;-1,25000000000000e+01
C.M.A. Eduardo Frei Montalva, Antártica;Litoral;1992;-56,6;-8,60000000000000e+00
C.M.A. Eduardo Frei Montalva, Antártica;Litoral;1993;-37,4;2,30000000000000e+00
C.M.A. Eduardo Frei Montalva, Antártica;Litoral;1994;-51,9;-6,20000000000000e+00
C.M.A. Eduardo Frei Montalva, Antártica;Litoral;1995;-63,8;-1,69000000000000e+01
C.M.A. Eduardo Frei Montalva, Antártica;Litoral;1996;-42,2;-4,44089209850063e-16
C.M.A. Eduardo Frei Montalva, Antártica;Litoral;1997;-51,2;-5,40000000000000e+00
C.M.A. Eduardo Frei Montalva, Antártica;Litoral;1998;-41,5;-2,50000000000000e+00
C.M.A. Eduardo Frei Montalva, Antártica;Litoral;1999;-35,9;5,00000000000000e-01
C.M.A. Eduardo Frei Montalva, Antártica;Litoral;2000;-38,1;-2,10000000000000e+00
C.M.A. Eduardo Frei Montalva, Antártica;Litoral;2001;-42,6;-8,00000000000000e-01
C.M.A. Eduardo Frei Montalva, Antártica;Litoral;2002;-53,4;-1,20000000000000e+01
C.M.A. Eduardo Frei Montalva, Antártica;Litoral;2003;-44,3;-2,80000000000000e+00
C.M.A. Eduardo Frei Montalva, Antártica;Litoral;2004;-39,3;1,60000000000000e+00
C.M.A. Eduardo Frei Montalva, Antártica;Litoral;2005;-46,8;-3,10000000000000e+00
C.M.A. Eduardo Frei Montalva, Antártica;Litoral;2006;-39,2;4,00000000000000e-01
C.M.A. Eduardo Frei Montalva, Antártica;Litoral;2007;-67,1;-1,56000000000000e+01
C.M.A. Eduardo Frei Montalva, Antártica;Litoral;2008;-35,5;1,00000000000000e+00
C.M.A. Eduardo Frei Montalva, Antártica;Litoral;2009;-58,7;-1,30000000000000e+01
C.M.A. Eduardo Frei Montalva, Antártica;Litoral;2010;-41,1;-4,80000000000000e+00
C.M.A. Eduardo Frei Montalva, Antártica;Litoral;2011;-62,0;-1,31000000000000e+01
C.M.A. Eduardo Frei Montalva, Antártica;Litoral;2012;-56,9;-1,20000000000000e+01
C.M.A. Eduardo Frei Montalva, Antártica;Litoral;2013;-1631,0;-2,78600000000000e+02
C.M.A. Eduardo Frei Montalva, Antártica;Litoral;2014;-50,1;-9,50000000000000e+00
C.M.A. Eduardo Frei Montalva, Antártica;Litoral;2015;-59,0;-1,23000000000000e+01
C.M.A. Eduardo Frei Montalva, Antártica;Litoral;2016;-1247,3;-7,66000000000000e+01
C.M.A. Eduardo Frei Montalva, Antártica;Litoral;2017;-1419,2;-1,14700000000000e+02
C.M.A. Eduardo Frei Montalva, Antártica;Litoral;2018;-1111,9;1,34000000000000e+01
C.M.A. Eduardo Frei Montalva, Antártica;Litoral;2019;-1378,0;-1,30600000000000e+02
C.M.A. Eduardo Frei Montalva, Antártica;Litoral;2020;-1295,5;-3,95000000000000e+01
C.M.A. Eduardo Frei Montalva, Antártica;Litoral;2021;-984,5;1,10000000000000e+02
C.M.A. Eduardo Frei Montalva, Antártica;Litoral;2022;-1166,4;-1,15900000000000e+02
C.M.A. Eduardo Frei Montalva, Antártica;Litoral;2023;-1352,5;-2,06000000000000e+02
C.M.A. Eduardo Frei Montalva, Antártica;Litoral;2024;-726,5;-1,28600000000000e+02
Carlos Ibañez, Punta Arenas Ap.;Litoral;1980;30,3;1,16300000000000e+02
Carlos Ibañez, Punta Arenas Ap.;Litoral;1981;40,0;1,17700000000000e+02
Carlos Ibañez, Punta Arenas Ap.;Litoral;1982;39,7;1,20000000000000e+02
Carlos Ibañez, Punta Arenas Ap.;Litoral;1983;43,5;1,20700000000000e+02
Carlos Ibañez, Punta Arenas Ap.;Litoral;1984;28,2;1,11800000000000e+02
Carlos Ibañez, Punta Arenas Ap.;Litoral;1985;42,9;1,20400000000000e+02
Carlos Ibañez, Punta Arenas Ap.;Litoral;1986;30,2;1,08000000000000e+02
Carlos Ibañez, Punta Arenas Ap.;Litoral;1987;41,5;1,20700000000000e+02
Carlos Ibañez, Punta Arenas Ap.;Litoral;1988;40,9;1,19500000000000e+02
Carlos Ibañez, Punta Arenas Ap.;Litoral;1989;37,1;1,21900000000000e+02
Carlos Ibañez, Punta Arenas Ap.;Litoral;1990;36,8;1,19400000000000e+02
Carlos Ibañez, Punta Arenas Ap.;Litoral;1991;30,0;1,13200000000000e+02
Carlos Ibañez, Punta Arenas Ap.;Litoral;1992;29,8;1,15300000000000e+02
Carlos Ibañez, Punta Arenas Ap.;Litoral;1993;37,1;1,18900000000000e+02
Carlos Ibañez, Punta Arenas Ap.;Litoral;1994;31,9;1,17100000000000e+02
Carlos Ibañez, Punta Arenas Ap.;Litoral;1995;31,0;1,16000000000000e+02
Carlos Ibañez, Punta Arenas Ap.;Litoral;1996;36,5;1,21800000000000e+02
Carlos Ibañez, Punta Arenas Ap.;Litoral;1997;29,1;1,15200000000000e+02
Carlos Ibañez, Punta Arenas Ap.;Litoral;1998;43,1;1,28900000000000e+02
Carlos Ibañez, Punta Arenas Ap.;Litoral;1999;34,0;1,21500000000000e+02
Carlos Ibañez, Punta Arenas Ap.;Litoral;2000;30,6;1,13700000000000e+02
Carlos Ibañez, Punta Arenas Ap.;Litoral;2001;31,9;1,17400000000000e+02
Carlos Ibañez, Punta Arenas Ap.;Litoral;2002;27,0;1,12200000000000e+02
Carlos Ibañez, Punta Arenas Ap.;Litoral;2003;39,7;1,23800000000000e+02
Carlos Ibañez, Punta Arenas Ap.;Litoral;2004;47,4;1,33700000000000e+02
Carlos Ibañez, Punta Arenas Ap.;Litoral;2005;36,2;1,22500000000000e+02
Carlos Ibañez, Punta Arenas Ap.;Litoral;2006;42,2;1,24600000000000e+02
Carlos Ibañez, Punta Arenas Ap.;Litoral;2007;38,5;1,19600000000000e+02
Carlos Ibañez, Punta Arenas Ap.;Litoral;2008;40,8;1,26000000000000e+02
Carlos Ibañez, Punta Arenas Ap.;Litoral;2009;37,6;1,20000000000000e+02
Carlos Ibañez, Punta Arenas Ap.;Litoral;2010;34,4;1,20100000000000e+02
Carlos Ibañez, Punta Arenas Ap.;Litoral;2011;40,6;1,20500000000000e+02
Carlos Ibañez, Punta Arenas Ap.;Litoral;2012;36,9;1,15900000000000e+02
Carlos Ibañez, Punta Arenas Ap.;Litoral;2013;1354,1;3,78450000000000e+03
Carlos Ibañez, Punta Arenas Ap.;Litoral;2014;37,3;1,17000000000000e+02
Carlos Ibañez, Punta Arenas Ap.;Litoral;2015;37,4;1,16900000000000e+02
Carlos Ibañez, Punta Arenas Ap.;Litoral;2016;1291,6;3,95720000000000e+03
Carlos Ibañez, Punta Arenas Ap.;Litoral;2017;1214,4;3,74530000000000e+03
Carlos Ibañez, Punta Arenas Ap.;Litoral;2018;1093,7;3,66560000000000e+03
Carlos Ibañez, Punta Arenas Ap.;Litoral;2019;1240,8;3,74170000000000e+03
Carlos Ibañez, Punta Arenas Ap.;Litoral;2020;1289,2;3,82720000000000e+03
Carlos Ibañez, Punta Arenas Ap.;Litoral;2021;1433,3;4,04130000000000e+03
Carlos Ibañez, Punta Arenas Ap.;Litoral;2022;1196,7;3,85300000000000e+03
Carlos Ibañez, Punta Arenas Ap.;Litoral;2023;1094,4;3,57260000000000e+03
Carlos Ibañez, Punta Arenas Ap.;Litoral;2024;592,2;1,88550000000000e+03
Carriel Sur, Concepción Ap.;Litoral;1980;98,9;2,16700000000000e+02
Carriel Sur, Concepción Ap.;Litoral;1981;100,2;2,15900000000000e+02
Carriel Sur, Concepción Ap.;Litoral;1982;103,2;2,13600000000000e+02
Carriel Sur, Concepción Ap.;Litoral;1983;94,4;2,14400000000000e+02
Carriel Sur, Concepción Ap.;Litoral;1984;95,5;2,04000000000000e+02
Carriel Sur, Concepción Ap.;Litoral;1985;97,9;2,10800000000000e+02
Carriel Sur, Concepción Ap.;Litoral;1986;100,4;2,11300000000000e+02
Carriel Sur, Concepción Ap.;Litoral;1987;105,7;2,17300000000000e+02
Carriel Sur, Concepción Ap.;Litoral;1988;94,7;2,11700000000000e+02
Carriel Sur, Concepción Ap.;Litoral;1989;99,4;2,16300000000000e+02
Carriel Sur, Concepción Ap.;Litoral;1990;95,3;2,06900000000000e+02
Carriel Sur, Concepción Ap.;Litoral;1991;98,3;2,12700000000000e+02
Carriel Sur, Concepción Ap.;Litoral;1992;99,9;2,12300000000000e+02
Carriel Sur, Concepción Ap.;Litoral;1993;101,5;2,18500000000000e+02
Carriel Sur, Concepción Ap.;Litoral;1994;101,1;2,20200000000000e+02
Carriel Sur, Concepción Ap.;Litoral;1995;93,2;2,16700000000000e+02
Carriel Sur, Concepción Ap.;Litoral;1996;98,3;2,21700000000000e+02
Carriel Sur, Concepción Ap.;Litoral;1997;108,4;2,22000000000000e+02
Carriel Sur, Concepción Ap.;Litoral;1998;91,0;2,26300000000000e+02
Carriel Sur, Concepción Ap.;Litoral;1999;97,5;2,18000000000000e+02
Carriel Sur, Concepción Ap.;Litoral;2000;98,2;2,12500000000000e+02
Carriel Sur, Concepción Ap.;Litoral;2001;92,8;2,10600000000000e+02
Carriel Sur, Concepción Ap.;Litoral;2002;92,5;2,04600000000000e+02
Carriel Sur, Concepción Ap.;Litoral;2003;96,5;2,18300000000000e+02
Carriel Sur, Concepción Ap.;Litoral;2004;100,5;2,16500000000000e+02
Carriel Sur, Concepción Ap.;Litoral;2005;97,4;2,13700000000000e+02
Carriel Sur, Concepción Ap.;Litoral;2006;97,8;2,15900000000000e+02
Carriel Sur, Concepción Ap.;Litoral;2007;84,7;2,05600000000000e+02
Carriel Sur, Concepción Ap.;Litoral;2008;101,2;2,18000000000000e+02
Carriel Sur, Concepción Ap.;Litoral;2009;94,8;2,12500000000000e+02
Carriel Sur, Concepción Ap.;Litoral;2010;91,4;2,11100000000000e+02
Carriel Sur, Concepción Ap.;Litoral;2011;95,3;2,10800000000000e+02
Carriel Sur, Concepción Ap.;Litoral;2012;101,1;2,17700000000000e+02
Carriel Sur, Concepción Ap.;Litoral;2013;3008,7;6,56360000000000e+03
Carriel Sur, Concepción Ap.;Litoral;2014;107,4;2,15000000000000e+02
Carriel Sur, Concepción Ap.;Litoral;2015;106,3;2,22900000000000e+02
Carriel Sur, Concepción Ap.;Litoral;2016;3389,2;6,82930000000000e+03
Carriel Sur, Concepción Ap.;Litoral;2017;3147,3;6,57890000000000e+03
Carriel Sur, Concepción Ap.;Litoral;2018;3079,1;6,44260000000000e+03
Carriel Sur, Concepción Ap.;Litoral;2019;3228,0;6,56440000000000e+03
Carriel Sur, Concepción Ap.;Litoral;2020;3167,0;6,59370000000000e+03
Carriel Sur, Concepción Ap.;Litoral;2021;3228,1;6,50000000000000e+03
Carriel Sur, Concepción Ap.;Litoral;2022;3341,9;6,32950000000000e+03
Carriel Sur, Concepción Ap.;Litoral;2023;3373,0;6,47530000000000e+03
Carriel Sur, Concepción Ap.;Litoral;2024;1797,2;3,41160000000000e+03
Cañal Bajo,  Osorno Ad.;Valle;1980;73,1;1,97500000000000e+02
Cañal Bajo,  Osorno Ad.;Valle;1981;72,2;1,97800000000000e+02
Cañal Bajo,  Osorno Ad.;Valle;1982;73,9;1,99000000000000e+02
Cañal Bajo,  Osorno Ad.;Valle;1983;63,6;2,04200000000000e+02
Cañal Bajo,  Osorno Ad.;Valle;1984;63,5;1,92200000000000e+02
Cañal Bajo,  Osorno Ad.;Valle;1985;75,8;1,99100000000000e+02
Cañal Bajo,  Osorno Ad.;Valle;1986;70,4;1,92500000000000e+02
Cañal Bajo,  Osorno Ad.;Valle;1987;72,6;2,05100000000000e+02
Cañal Bajo,  Osorno Ad.;Valle;1988;65,5;2,00600000000000e+02
Cañal Bajo,  Osorno Ad.;Valle;1989;71,2;1,99900000000000e+02
Cañal Bajo,  Osorno Ad.;Valle;1990;67,4;1,95700000000000e+02
Cañal Bajo,  Osorno Ad.;Valle;1991;67,2;1,90100000000000e+02
Cañal Bajo,  Osorno Ad.;Valle;1992;70,4;1,89800000000000e+02
Cañal Bajo,  Osorno Ad.;Valle;1993;70,7;1,94500000000000e+02
Cañal Bajo,  Osorno Ad.;Valle;1994;74,9;2,00500000000000e+02
Cañal Bajo,  Osorno Ad.;Valle;1995;64,9;1,94800000000000e+02
Cañal Bajo,  Osorno Ad.;Valle;1996;69,2;1,97100000000000e+02
Cañal Bajo,  Osorno Ad.;Valle;1997;76,2;2,02000000000000e+02
Cañal Bajo,  Osorno Ad.;Valle;1998;67,3;2,11100000000000e+02
Cañal Bajo,  Osorno Ad.;Valle;1999;66,7;2,05300000000000e+02
Cañal Bajo,  Osorno Ad.;Valle;2000;70,1;1,92800000000000e+02
Cañal Bajo,  Osorno Ad.;Valle;2001;70,2;1,97000000000000e+02
Cañal Bajo,  Osorno Ad.;Valle;2002;79,1;1,93500000000000e+02
Cañal Bajo,  Osorno Ad.;Valle;2003;74,5;1,99700000000000e+02
Cañal Bajo,  Osorno Ad.;Valle;2004;75,9;2,05600000000000e+02
Cañal Bajo,  Osorno Ad.;Valle;2005;73,0;1,97700000000000e+02
Cañal Bajo,  Osorno Ad.;Valle;2006;73,6;1,97900000000000e+02
Cañal Bajo,  Osorno Ad.;Valle;2007;58,1;1,91200000000000e+02
Cañal Bajo,  Osorno Ad.;Valle;2008;72,8;2,15400000000000e+02
Cañal Bajo,  Osorno Ad.;Valle;2009;69,6;8,62000000000000e+01
Cañal Bajo,  Osorno Ad.;Valle;2010;65,3;1,93900000000000e+02
Cañal Bajo,  Osorno Ad.;Valle;2011;67,3;2,00800000000000e+02
Cañal Bajo,  Osorno Ad.;Valle;2012;70,1;1,99500000000000e+02
Cañal Bajo,  Osorno Ad.;Valle;2013;2200,3;6,32090000000000e+03
Cañal Bajo,  Osorno Ad.;Valle;2014;72,6;1,98100000000000e+02
Cañal Bajo,  Osorno Ad.;Valle;2015;72,3;2,09400000000000e+02
Cañal Bajo,  Osorno Ad.;Valle;2016;2031,1;6,46890000000000e+03
Cañal Bajo,  Osorno Ad.;Valle;2017;2272,3;6,03740000000000e+03
Cañal Bajo,  Osorno Ad.;Valle;2018;2005,6;5,81780000000000e+03
Cañal Bajo,  Osorno Ad.;Valle;2019;2077,8;6,09790000000000e+03
Cañal Bajo,  Osorno Ad.;Valle;2020;2151,7;6,20330000000000e+03
Cañal Bajo,  Osorno Ad.;Valle;2021;2216,6;6,29440000000000e+03
Cañal Bajo,  Osorno Ad.;Valle;2022;1917,3;6,14600000000000e+03
Cañal Bajo,  Osorno Ad.;Valle;2023;2116,4;6,01530000000000e+03
Cañal Bajo,  Osorno Ad.;Valle;2024;1033,6;2,99920000000000e+03
Cerro Moreno  Antofagasta  Ap.;Litoral;1980;172,7;2,46600000000000e+02
Cerro Moreno  Antofagasta  Ap.;Litoral;1981;174,5;2,43800000000000e+02
Cerro Moreno  Antofagasta  Ap.;Litoral;1982;178,7;2,51300000000000e+02
Cerro Moreno  Antofagasta  Ap.;Litoral;1983;190,9;2,59600000000000e+02
Cerro Moreno  Antofagasta  Ap.;Litoral;1984;169,2;2,38600000000000e+02
Cerro Moreno  Antofagasta  Ap.;Litoral;1985;164,8;2,37900000000000e+02
Cerro Moreno  Antofagasta  Ap.;Litoral;1986;172,7;2,43000000000000e+02
Cerro Moreno  Antofagasta  Ap.;Litoral;1987;178,4;2,49300000000000e+02
Cerro Moreno  Antofagasta  Ap.;Litoral;1988;171,1;2,35100000000000e+02
Cerro Moreno  Antofagasta  Ap.;Litoral;1989;170,6;2,39600000000000e+02
Cerro Moreno  Antofagasta  Ap.;Litoral;1990;171,3;2,38200000000000e+02
Cerro Moreno  Antofagasta  Ap.;Litoral;1991;173,6;2,40000000000000e+02
Cerro Moreno  Antofagasta  Ap.;Litoral;1992;179,5;2,44100000000000e+02
Cerro Moreno  Antofagasta  Ap.;Litoral;1993;174,4;2,39600000000000e+02
Cerro Moreno  Antofagasta  Ap.;Litoral;1994;175,2;2,40500000000000e+02
Cerro Moreno  Antofagasta  Ap.;Litoral;1995;170,9;2,37300000000000e+02
Cerro Moreno  Antofagasta  Ap.;Litoral;1996;168,2;2,36400000000000e+02
Cerro Moreno  Antofagasta  Ap.;Litoral;1997;188,0;2,62200000000000e+02
Cerro Moreno  Antofagasta  Ap.;Litoral;1998;177,3;2,46200000000000e+02
Cerro Moreno  Antofagasta  Ap.;Litoral;1999;167,0;2,39000000000000e+02
Cerro Moreno  Antofagasta  Ap.;Litoral;2000;166,0;2,37200000000000e+02
Cerro Moreno  Antofagasta  Ap.;Litoral;2001;171,0;2,37100000000000e+02
Cerro Moreno  Antofagasta  Ap.;Litoral;2002;170,1;2,40400000000000e+02
Cerro Moreno  Antofagasta  Ap.;Litoral;2003;171,2;2,39500000000000e+02
Cerro Moreno  Antofagasta  Ap.;Litoral;2004;168,7;2,38100000000000e+02
Cerro Moreno  Antofagasta  Ap.;Litoral;2005;166,4;2,34000000000000e+02
Cerro Moreno  Antofagasta  Ap.;Litoral;2006;174,3;2,40600000000000e+02
Cerro Moreno  Antofagasta  Ap.;Litoral;2007;160,8;2,25500000000000e+02
Cerro Moreno  Antofagasta  Ap.;Litoral;2008;166,7;2,35100000000000e+02
Cerro Moreno  Antofagasta  Ap.;Litoral;2009;169,4;2,37400000000000e+02
Cerro Moreno  Antofagasta  Ap.;Litoral;2010;166,7;2,31600000000000e+02
Cerro Moreno  Antofagasta  Ap.;Litoral;2011;167,9;2,31900000000000e+02
Cerro Moreno  Antofagasta  Ap.;Litoral;2012;172,7;2,33900000000000e+02
Cerro Moreno  Antofagasta  Ap.;Litoral;2013;5043,0;6,96370000000000e+03
Cerro Moreno  Antofagasta  Ap.;Litoral;2014;170,7;2,31600000000000e+02
Cerro Moreno  Antofagasta  Ap.;Litoral;2015;185,4;2,43700000000000e+02
Cerro Moreno  Antofagasta  Ap.;Litoral;2016;5520,2;7,36120000000000e+03
Cerro Moreno  Antofagasta  Ap.;Litoral;2017;5520,2;7,25780000000000e+03
Cerro Moreno  Antofagasta  Ap.;Litoral;2018;5313,3;6,99360000000000e+03
Cerro Moreno  Antofagasta  Ap.;Litoral;2019;5378,9;7,04720000000000e+03
Cerro Moreno  Antofagasta  Ap.;Litoral;2020;5477,2;7,10580000000000e+03
Cerro Moreno  Antofagasta  Ap.;Litoral;2021;5196,8;6,80810000000000e+03
Cerro Moreno  Antofagasta  Ap.;Litoral;2022;5022,3;6,67610000000000e+03
Cerro Moreno  Antofagasta  Ap.;Litoral;2023;5782,8;7,40510000000000e+03
Cerro Moreno  Antofagasta  Ap.;Litoral;2024;3010,8;3,79450000000000e+03
Chacalluta, Arica Ap.;Litoral;1980;193,9;2,79600000000000e+02
Chacalluta, Arica Ap.;Litoral;1981;192,4;2,75000000000000e+02
Chacalluta, Arica Ap.;Litoral;1982;199,1;2,82400000000000e+02
Chacalluta, Arica Ap.;Litoral;1983;227,0;2,99800000000000e+02
Chacalluta, Arica Ap.;Litoral;1984;199,3;2,74400000000000e+02
Chacalluta, Arica Ap.;Litoral;1985;194,6;2,72000000000000e+02
Chacalluta, Arica Ap.;Litoral;1986;192,1;2,70400000000000e+02
Chacalluta, Arica Ap.;Litoral;1987;208,5;2,77400000000000e+02
Chacalluta, Arica Ap.;Litoral;1988;191,2;2,57600000000000e+02
Chacalluta, Arica Ap.;Litoral;1989;193,7;2,62600000000000e+02
Chacalluta, Arica Ap.;Litoral;1990;194,5;2,58000000000000e+02
Chacalluta, Arica Ap.;Litoral;1991;198,8;2,65100000000000e+02
Chacalluta, Arica Ap.;Litoral;1992;212,5;2,73100000000000e+02
Chacalluta, Arica Ap.;Litoral;1993;206,7;2,69300000000000e+02
Chacalluta, Arica Ap.;Litoral;1994;204,1;2,66800000000000e+02
Chacalluta, Arica Ap.;Litoral;1995;194,3;2,61000000000000e+02
Chacalluta, Arica Ap.;Litoral;1996;188,4;2,53100000000000e+02
Chacalluta, Arica Ap.;Litoral;1997;223,8;2,85300000000000e+02
Chacalluta, Arica Ap.;Litoral;1998;213,3;2,74900000000000e+02
Chacalluta, Arica Ap.;Litoral;1999;196,3;2,60400000000000e+02
Chacalluta, Arica Ap.;Litoral;2000;202,1;2,60800000000000e+02
Chacalluta, Arica Ap.;Litoral;2001;204,6;2,59400000000000e+02
Chacalluta, Arica Ap.;Litoral;2002;205,8;2,61500000000000e+02
Chacalluta, Arica Ap.;Litoral;2003;202,1;2,61800000000000e+02
Chacalluta, Arica Ap.;Litoral;2004;200,7;2,60000000000000e+02
Chacalluta, Arica Ap.;Litoral;2005;200,0;2,55300000000000e+02
Chacalluta, Arica Ap.;Litoral;2006;208,3;2,64600000000000e+02
Chacalluta, Arica Ap.;Litoral;2007;192,3;2,44500000000000e+02
Chacalluta, Arica Ap.;Litoral;2008;197,2;2,56500000000000e+02
Chacalluta, Arica Ap.;Litoral;2009;205,9;2,64200000000000e+02
Chacalluta, Arica Ap.;Litoral;2010;199,6;2,55000000000000e+02
Chacalluta, Arica Ap.;Litoral;2011;201,2;2,58700000000000e+02
Chacalluta, Arica Ap.;Litoral;2012;212,0;2,66500000000000e+02
Chacalluta, Arica Ap.;Litoral;2013;5942,9;7,75450000000000e+03
Chacalluta, Arica Ap.;Litoral;2014;203,3;2,58100000000000e+02
Chacalluta, Arica Ap.;Litoral;2015;221,3;2,73100000000000e+02
Chacalluta, Arica Ap.;Litoral;2016;6478,3;8,27670000000000e+03
Chacalluta, Arica Ap.;Litoral;2017;6423,4;8,15160000000000e+03
Chacalluta, Arica Ap.;Litoral;2018;6328,9;8,00670000000000e+03
Chacalluta, Arica Ap.;Litoral;2019;6244,4;7,98920000000000e+03
Chacalluta, Arica Ap.;Litoral;2020;5986,5;8,06450000000000e+03
Chacalluta, Arica Ap.;Litoral;2021;6053,9;7,69240000000000e+03
Chacalluta, Arica Ap.;Litoral;2022;5852,6;7,57730000000000e+03
Chacalluta, Arica Ap.;Litoral;2023;6753,2;8,35710000000000e+03
Chacalluta, Arica Ap.;Litoral;2024;3423,6;4,27870000000000e+03
Chile Chico Ad.;Valle;1980;41,5;1,79600000000000e+02
Chile Chico Ad.;Valle;1981;46,4;1,82300000000000e+02
Chile Chico Ad.;Valle;1982;41,7;1,76700000000000e+02
Chile Chico Ad.;Valle;1983;52,9;1,92000000000000e+02
Chile Chico Ad.;Valle;1984;41,5;1,76000000000000e+02
Chile Chico Ad.;Valle;1985;51,2;1,88800000000000e+02
Chile Chico Ad.;Valle;1986;45,0;1,78400000000000e+02
Chile Chico Ad.;Valle;1987;51,5;1,90500000000000e+02
Chile Chico Ad.;Valle;1988;47,8;1,89300000000000e+02
Chile Chico Ad.;Valle;1989;50,0;1,86300000000000e+02
Chile Chico Ad.;Valle;1990;45,2;1,89900000000000e+02
Chile Chico Ad.;Valle;1991;33,8;1,69400000000000e+02
Chile Chico Ad.;Valle;1992;37,7;1,71800000000000e+02
Chile Chico Ad.;Valle;1993;40,7;1,86900000000000e+02
Chile Chico Ad.;Valle;1994;39,9;1,82000000000000e+02
Chile Chico Ad.;Valle;1995;36,2;1,80300000000000e+02
Chile Chico Ad.;Valle;1996;40,1;1,82100000000000e+02
Chile Chico Ad.;Valle;1997;39,5;1,77800000000000e+02
Chile Chico Ad.;Valle;1998;55,7;1,97600000000000e+02
Chile Chico Ad.;Valle;1999;43,4;1,91400000000000e+02
Chile Chico Ad.;Valle;2000;31,0;1,71700000000000e+02
Chile Chico Ad.;Valle;2001;29,9;1,79000000000000e+02
Chile Chico Ad.;Valle;2002;31,9;1,73700000000000e+02
Chile Chico Ad.;Valle;2003;42,0;1,83600000000000e+02
Chile Chico Ad.;Valle;2004;48,8;1,96800000000000e+02
Chile Chico Ad.;Valle;2005;38,9;1,47500000000000e+02
Chile Chico Ad.;Valle;2006;34,0;1,25100000000000e+02
Chile Chico Ad.;Valle;2007;27,1;1,22900000000000e+02
Chile Chico Ad.;Valle;2008;43,6;1,11500000000000e+02
Chile Chico Ad.;Valle;2009;43,2;1,50700000000000e+02
Chile Chico Ad.;Valle;2010;31,2;1,32600000000000e+02
Chile Chico Ad.;Valle;2011;50,2;1,53800000000000e+02
Chile Chico Ad.;Valle;2012;50,1;1,90000000000000e+02
Chile Chico Ad.;Valle;2013;1132,9;5,94630000000000e+03
Chile Chico Ad.;Valle;2014;39,0;1,86500000000000e+02
Chile Chico Ad.;Valle;2015;41,1;1,93700000000000e+02
Chile Chico Ad.;Valle;2016;1247,3;5,89170000000000e+03
Chile Chico Ad.;Valle;2017;1320,6;5,73970000000000e+03
Chile Chico Ad.;Valle;2018;1120,9;5,79520000000000e+03
Chile Chico Ad.;Valle;2019;1126,8;5,82340000000000e+03
Chile Chico Ad.;Valle;2020;774,4;3,24080000000000e+03
Chile Chico Ad.;Valle;2021;647,1;4,52410000000000e+03
Chile Chico Ad.;Valle;2022;829,2;4,61940000000000e+03
Chile Chico Ad.;Valle;2023;941,3;5,40150000000000e+03
Chile Chico Ad.;Valle;2024;651,7;2,74960000000000e+03
Desierto de Atacama, Caldera  Ad.;Secano Costero;2005;127,9;2,14300000000000e+02
Desierto de Atacama, Caldera  Ad.;Secano Costero;2006;91,5;1,46600000000000e+02
Desierto de Atacama, Caldera  Ad.;Secano Costero;2007;131,9;2,32700000000000e+02
Desierto de Atacama, Caldera  Ad.;Secano Costero;2008;140,7;2,38600000000000e+02
Desierto de Atacama, Caldera  Ad.;Secano Costero;2009;142,6;2,37500000000000e+02
Desierto de Atacama, Caldera  Ad.;Secano Costero;2010;135,6;2,32600000000000e+02
Desierto de Atacama, Caldera  Ad.;Secano Costero;2011;132,0;2,36600000000000e+02
Desierto de Atacama, Caldera  Ad.;Secano Costero;2012;142,7;2,43100000000000e+02
Desierto de Atacama, Caldera  Ad.;Secano Costero;2013;4301,1;7,23370000000000e+03
Desierto de Atacama, Caldera  Ad.;Secano Costero;2014;138,9;2,35700000000000e+02
Desierto de Atacama, Caldera  Ad.;Secano Costero;2015;150,2;2,45600000000000e+02
Desierto de Atacama, Caldera  Ad.;Secano Costero;2016;4680,0;7,59200000000000e+03
Desierto de Atacama, Caldera  Ad.;Secano Costero;2017;4576,5;7,50280000000000e+03
Desierto de Atacama, Caldera  Ad.;Secano Costero;2018;4282,6;7,20930000000000e+03
Desierto de Atacama, Caldera  Ad.;Secano Costero;2019;4369,8;7,34640000000000e+03
Desierto de Atacama, Caldera  Ad.;Secano Costero;2020;4530,0;7,36770000000000e+03
Desierto de Atacama, Caldera  Ad.;Secano Costero;2021;4155,1;7,10600000000000e+03
Desierto de Atacama, Caldera  Ad.;Secano Costero;2022;2746,2;4,82580000000000e+03
Desierto de Atacama, Caldera  Ad.;Secano Costero;2023;4567,1;7,64850000000000e+03
Desierto de Atacama, Caldera  Ad.;Secano Costero;2024;2379,8;3,87960000000000e+03
Diego Aracena Iquique Ap.;Litoral;1981;135,6;1,82600000000000e+02
Diego Aracena Iquique Ap.;Litoral;1982;199,5;2,65400000000000e+02
Diego Aracena Iquique Ap.;Litoral;1983;216,8;2,79500000000000e+02
Diego Aracena Iquique Ap.;Litoral;1984;189,8;2,60300000000000e+02
Diego Aracena Iquique Ap.;Litoral;1985;184,2;2,62200000000000e+02
Diego Aracena Iquique Ap.;Litoral;1986;188,5;2,63700000000000e+02
Diego Aracena Iquique Ap.;Litoral;1987;200,1;2,74000000000000e+02
Diego Aracena Iquique Ap.;Litoral;1988;187,5;2,60400000000000e+02
Diego Aracena Iquique Ap.;Litoral;1989;187,3;2,65700000000000e+02
Diego Aracena Iquique Ap.;Litoral;1990;188,1;2,64500000000000e+02
Diego Aracena Iquique Ap.;Litoral;1991;188,2;2,72400000000000e+02
Diego Aracena Iquique Ap.;Litoral;1992;195,8;2,77400000000000e+02
Diego Aracena Iquique Ap.;Litoral;1993;192,5;2,73500000000000e+02
Diego Aracena Iquique Ap.;Litoral;1994;191,0;2,73700000000000e+02
Diego Aracena Iquique Ap.;Litoral;1995;187,9;2,64800000000000e+02
Diego Aracena Iquique Ap.;Litoral;1996;182,1;2,45300000000000e+02
Diego Aracena Iquique Ap.;Litoral;1997;211,8;2,74100000000000e+02
Diego Aracena Iquique Ap.;Litoral;1998;199,7;2,64300000000000e+02
Diego Aracena Iquique Ap.;Litoral;1999;185,7;2,47900000000000e+02
Diego Aracena Iquique Ap.;Litoral;2000;188,8;2,49900000000000e+02
Diego Aracena Iquique Ap.;Litoral;2001;191,1;2,49600000000000e+02
Diego Aracena Iquique Ap.;Litoral;2002;191,3;2,52400000000000e+02
Diego Aracena Iquique Ap.;Litoral;2003;191,9;2,53400000000000e+02
Diego Aracena Iquique Ap.;Litoral;2004;189,7;2,51900000000000e+02
Diego Aracena Iquique Ap.;Litoral;2005;187,5;2,45600000000000e+02
Diego Aracena Iquique Ap.;Litoral;2006;195,4;2,55800000000000e+02
Diego Aracena Iquique Ap.;Litoral;2007;181,5;2,40100000000000e+02
Diego Aracena Iquique Ap.;Litoral;2008;189,8;2,52900000000000e+02
Diego Aracena Iquique Ap.;Litoral;2009;193,0;2,66600000000000e+02
Diego Aracena Iquique Ap.;Litoral;2010;177,5;2,38100000000000e+02
Diego Aracena Iquique Ap.;Litoral;2011;192,5;2,48900000000000e+02
Diego Aracena Iquique Ap.;Litoral;2012;199,7;2,59100000000000e+02
Diego Aracena Iquique Ap.;Litoral;2013;5700,6;7,48540000000000e+03
Diego Aracena Iquique Ap.;Litoral;2014;193,2;2,49600000000000e+02
Diego Aracena Iquique Ap.;Litoral;2015;211,4;2,61100000000000e+02
Diego Aracena Iquique Ap.;Litoral;2016;6234,7;7,89380000000000e+03
Diego Aracena Iquique Ap.;Litoral;2017;6165,2;7,87290000000000e+03
Diego Aracena Iquique Ap.;Litoral;2018;6022,6;7,82820000000000e+03
Diego Aracena Iquique Ap.;Litoral;2019;6031,9;7,82590000000000e+03
Diego Aracena Iquique Ap.;Litoral;2020;6151,9;7,93100000000000e+03
Diego Aracena Iquique Ap.;Litoral;2021;5848,6;7,58100000000000e+03
Diego Aracena Iquique Ap.;Litoral;2022;5596,2;7,47200000000000e+03
Diego Aracena Iquique Ap.;Litoral;2023;6503,8;8,28720000000000e+03
Diego Aracena Iquique Ap.;Litoral;2024;3330,2;4,23610000000000e+03
El Loa, Calama Ad.;PreCordillera;1980;25,8;2,77000000000000e+02
El Loa, Calama Ad.;PreCordillera;1981;23,6;2,74400000000000e+02
El Loa, Calama Ad.;PreCordillera;1982;28,7;2,79800000000000e+02
El Loa, Calama Ad.;PreCordillera;1983;33,0;2,76800000000000e+02
El Loa, Calama Ad.;PreCordillera;1984;30,1;2,69800000000000e+02
El Loa, Calama Ad.;PreCordillera;1985;26,7;2,73500000000000e+02
El Loa, Calama Ad.;PreCordillera;1986;29,8;2,77900000000000e+02
El Loa, Calama Ad.;PreCordillera;1987;33,9;2,81600000000000e+02
El Loa, Calama Ad.;PreCordillera;1988;26,0;2,75600000000000e+02
El Loa, Calama Ad.;PreCordillera;1989;27,2;2,70200000000000e+02
El Loa, Calama Ad.;PreCordillera;1990;33,3;2,78700000000000e+02
El Loa, Calama Ad.;PreCordillera;1991;32,8;2,79500000000000e+02
El Loa, Calama Ad.;PreCordillera;1992;27,8;2,72800000000000e+02
El Loa, Calama Ad.;PreCordillera;1993;31,1;2,77100000000000e+02
El Loa, Calama Ad.;PreCordillera;1994;37,0;2,82000000000000e+02
El Loa, Calama Ad.;PreCordillera;1995;26,7;2,78600000000000e+02
El Loa, Calama Ad.;PreCordillera;1996;29,0;2,76400000000000e+02
El Loa, Calama Ad.;PreCordillera;1997;45,9;2,82300000000000e+02
El Loa, Calama Ad.;PreCordillera;1998;34,7;2,83600000000000e+02
El Loa, Calama Ad.;PreCordillera;1999;27,2;2,74100000000000e+02
El Loa, Calama Ad.;PreCordillera;2000;29,4;2,75800000000000e+02
El Loa, Calama Ad.;PreCordillera;2001;43,0;2,81400000000000e+02
El Loa, Calama Ad.;PreCordillera;2002;40,2;2,83500000000000e+02
El Loa, Calama Ad.;PreCordillera;2003;35,9;2,86100000000000e+02
El Loa, Calama Ad.;PreCordillera;2004;31,9;2,80300000000000e+02
El Loa, Calama Ad.;PreCordillera;2005;31,4;2,78600000000000e+02
El Loa, Calama Ad.;PreCordillera;2006;42,2;2,83800000000000e+02
El Loa, Calama Ad.;PreCordillera;2007;33,6;2,77700000000000e+02
El Loa, Calama Ad.;PreCordillera;2008;23,3;2,75000000000000e+02
El Loa, Calama Ad.;PreCordillera;2009;32,9;2,85500000000000e+02
El Loa, Calama Ad.;PreCordillera;2010;23,7;2,80600000000000e+02
El Loa, Calama Ad.;PreCordillera;2011;36,9;2,80600000000000e+02
El Loa, Calama Ad.;PreCordillera;2012;42,5;2,86400000000000e+02
El Loa, Calama Ad.;PreCordillera;2013;1201,5;8,71940000000000e+03
El Loa, Calama Ad.;PreCordillera;2014;36,1;2,88200000000000e+02
El Loa, Calama Ad.;PreCordillera;2015;48,8;2,93500000000000e+02
El Loa, Calama Ad.;PreCordillera;2016;1391,9;8,79850000000000e+03
El Loa, Calama Ad.;PreCordillera;2017;1475,2;8,55920000000000e+03
El Loa, Calama Ad.;PreCordillera;2018;1448,3;8,61990000000000e+03
El Loa, Calama Ad.;PreCordillera;2019;1621,9;8,83940000000000e+03
El Loa, Calama Ad.;PreCordillera;2020;1599,7;8,79530000000000e+03
El Loa, Calama Ad.;PreCordillera;2021;1449,2;8,59180000000000e+03
El Loa, Calama Ad.;PreCordillera;2022;924,4;8,41670000000000e+03
El Loa, Calama Ad.;PreCordillera;2023;1671,3;8,97580000000000e+03
El Loa, Calama Ad.;PreCordillera;2024;1087,0;4,54510000000000e+03
El Tepual  Puerto Montt Ap.;Valle;1980;81,0;1,80000000000000e+02
El Tepual  Puerto Montt Ap.;Valle;1981;78,8;1,79000000000000e+02
El Tepual  Puerto Montt Ap.;Valle;1982;81,1;1,79600000000000e+02
El Tepual  Puerto Montt Ap.;Valle;1983;75,0;1,83400000000000e+02
El Tepual  Puerto Montt Ap.;Valle;1984;72,1;1,72200000000000e+02
El Tepual  Puerto Montt Ap.;Valle;1985;82,4;1,80500000000000e+02
El Tepual  Puerto Montt Ap.;Valle;1986;75,6;1,75600000000000e+02
El Tepual  Puerto Montt Ap.;Valle;1987;79,3;1,84700000000000e+02
El Tepual  Puerto Montt Ap.;Valle;1988;70,2;1,78000000000000e+02
El Tepual  Puerto Montt Ap.;Valle;1989;78,9;1,80700000000000e+02
El Tepual  Puerto Montt Ap.;Valle;1990;73,7;1,76400000000000e+02
El Tepual  Puerto Montt Ap.;Valle;1991;72,3;1,73500000000000e+02
El Tepual  Puerto Montt Ap.;Valle;1992;70,8;1,74000000000000e+02
El Tepual  Puerto Montt Ap.;Valle;1993;72,6;1,78900000000000e+02
El Tepual  Puerto Montt Ap.;Valle;1994;77,6;1,83000000000000e+02
El Tepual  Puerto Montt Ap.;Valle;1995;70,9;1,74600000000000e+02
El Tepual  Puerto Montt Ap.;Valle;1996;72,4;1,79200000000000e+02
El Tepual  Puerto Montt Ap.;Valle;1997;79,7;1,82200000000000e+02
El Tepual  Puerto Montt Ap.;Valle;1998;77,9;1,91100000000000e+02
El Tepual  Puerto Montt Ap.;Valle;1999;69,9;1,82400000000000e+02
El Tepual  Puerto Montt Ap.;Valle;2000;71,7;1,74800000000000e+02
El Tepual  Puerto Montt Ap.;Valle;2001;73,4;1,78600000000000e+02
El Tepual  Puerto Montt Ap.;Valle;2002;79,7;1,75000000000000e+02
El Tepual  Puerto Montt Ap.;Valle;2003;77,7;1,79700000000000e+02
El Tepual  Puerto Montt Ap.;Valle;2004;80,3;1,87600000000000e+02
El Tepual  Puerto Montt Ap.;Valle;2005;76,0;1,77700000000000e+02
El Tepual  Puerto Montt Ap.;Valle;2006;75,7;1,80600000000000e+02
El Tepual  Puerto Montt Ap.;Valle;2007;67,2;1,72200000000000e+02
El Tepual  Puerto Montt Ap.;Valle;2008;77,5;1,92200000000000e+02
El Tepual  Puerto Montt Ap.;Valle;2009;74,1;1,77000000000000e+02
El Tepual  Puerto Montt Ap.;Valle;2010;72,6;1,73900000000000e+02
El Tepual  Puerto Montt Ap.;Valle;2011;72,4;1,80700000000000e+02
El Tepual  Puerto Montt Ap.;Valle;2012;72,5;1,77700000000000e+02
El Tepual  Puerto Montt Ap.;Valle;2013;2372,6;5,60540000000000e+03
El Tepual  Puerto Montt Ap.;Valle;2014;77,1;1,77100000000000e+02
El Tepual  Puerto Montt Ap.;Valle;2015;78,9;1,85800000000000e+02
El Tepual  Puerto Montt Ap.;Valle;2016;2273,8;5,94160000000000e+03
El Tepual  Puerto Montt Ap.;Valle;2017;2388,8;5,50880000000000e+03
El Tepual  Puerto Montt Ap.;Valle;2018;2165,0;5,47220000000000e+03
El Tepual  Puerto Montt Ap.;Valle;2019;2116,2;5,43230000000000e+03
El Tepual  Puerto Montt Ap.;Valle;2020;2286,0;5,51770000000000e+03
El Tepual  Puerto Montt Ap.;Valle;2021;2337,3;5,68600000000000e+03
El Tepual  Puerto Montt Ap.;Valle;2022;2129,5;5,44430000000000e+03
El Tepual  Puerto Montt Ap.;Valle;2023;2199,7;5,35820000000000e+03
El Tepual  Puerto Montt Ap.;Valle;2024;1198,8;2,95410000000000e+03
Eulogio Sánchez, Tobalaba Ad.;PreCordillera;1980;0,0;0,00000000000000e+00
Eulogio Sánchez, Tobalaba Ad.;PreCordillera;1981;99,7;2,72200000000000e+02
Eulogio Sánchez, Tobalaba Ad.;PreCordillera;1982;108,7;2,60300000000000e+02
Eulogio Sánchez, Tobalaba Ad.;PreCordillera;1983;101,8;2,65200000000000e+02
Eulogio Sánchez, Tobalaba Ad.;PreCordillera;1984;93,4;2,56700000000000e+02
Eulogio Sánchez, Tobalaba Ad.;PreCordillera;1985;94,5;2,62400000000000e+02
Eulogio Sánchez, Tobalaba Ad.;PreCordillera;1986;104,6;2,64300000000000e+02
Eulogio Sánchez, Tobalaba Ad.;PreCordillera;1987;101,0;2,67300000000000e+02
Eulogio Sánchez, Tobalaba Ad.;PreCordillera;1988;90,6;2,72200000000000e+02
Eulogio Sánchez, Tobalaba Ad.;PreCordillera;1989;93,5;2,73300000000000e+02
Eulogio Sánchez, Tobalaba Ad.;PreCordillera;1990;97,0;2,71500000000000e+02
Eulogio Sánchez, Tobalaba Ad.;PreCordillera;1991;105,6;2,67100000000000e+02
Eulogio Sánchez, Tobalaba Ad.;PreCordillera;1992;96,3;2,59300000000000e+02
Eulogio Sánchez, Tobalaba Ad.;PreCordillera;1993;94,3;2,67800000000000e+02
Eulogio Sánchez, Tobalaba Ad.;PreCordillera;1994;101,3;2,72900000000000e+02
Eulogio Sánchez, Tobalaba Ad.;PreCordillera;1995;103,5;2,75900000000000e+02
Eulogio Sánchez, Tobalaba Ad.;PreCordillera;1996;97,9;2,78300000000000e+02
Eulogio Sánchez, Tobalaba Ad.;PreCordillera;1997;112,9;2,72400000000000e+02
Eulogio Sánchez, Tobalaba Ad.;PreCordillera;1998;108,2;2,77400000000000e+02
Eulogio Sánchez, Tobalaba Ad.;PreCordillera;1999;101,0;2,68800000000000e+02
Eulogio Sánchez, Tobalaba Ad.;PreCordillera;2000;104,6;2,69000000000000e+02
Eulogio Sánchez, Tobalaba Ad.;PreCordillera;2001;110,6;2,70600000000000e+02
Eulogio Sánchez, Tobalaba Ad.;PreCordillera;2002;105,3;2,69900000000000e+02
Eulogio Sánchez, Tobalaba Ad.;PreCordillera;2003;106,6;2,82000000000000e+02
Eulogio Sánchez, Tobalaba Ad.;PreCordillera;2004;107,3;2,73000000000000e+02
Eulogio Sánchez, Tobalaba Ad.;PreCordillera;2005;111,5;2,69200000000000e+02
Eulogio Sánchez, Tobalaba Ad.;PreCordillera;2006;112,9;2,78400000000000e+02
Eulogio Sánchez, Tobalaba Ad.;PreCordillera;2007;94,6;2,61300000000000e+02
Eulogio Sánchez, Tobalaba Ad.;PreCordillera;2008;106,4;2,76100000000000e+02
Eulogio Sánchez, Tobalaba Ad.;PreCordillera;2009;106,4;2,75500000000000e+02
Eulogio Sánchez, Tobalaba Ad.;PreCordillera;2010;99,3;2,67400000000000e+02
Eulogio Sánchez, Tobalaba Ad.;PreCordillera;2011;99,5;2,76500000000000e+02
Eulogio Sánchez, Tobalaba Ad.;PreCordillera;2012;110,7;2,75700000000000e+02
Eulogio Sánchez, Tobalaba Ad.;PreCordillera;2013;3168,7;8,42540000000000e+03
Eulogio Sánchez, Tobalaba Ad.;PreCordillera;2014;106,2;2,74100000000000e+02
Eulogio Sánchez, Tobalaba Ad.;PreCordillera;2015;114,8;2,80300000000000e+02
Eulogio Sánchez, Tobalaba Ad.;PreCordillera;2016;3502,8;8,34880000000000e+03
Eulogio Sánchez, Tobalaba Ad.;PreCordillera;2017;3277,7;8,30060000000000e+03
Eulogio Sánchez, Tobalaba Ad.;PreCordillera;2018;3148,4;8,41140000000000e+03
Eulogio Sánchez, Tobalaba Ad.;PreCordillera;2019;2281,4;8,59460000000000e+03
Eulogio Sánchez, Tobalaba Ad.;PreCordillera;2020;338,6;8,63040000000000e+03
Eulogio Sánchez, Tobalaba Ad.;PreCordillera;2021;3188,0;8,64880000000000e+03
Eulogio Sánchez, Tobalaba Ad.;PreCordillera;2022;3184,1;7,80560000000000e+03
Eulogio Sánchez, Tobalaba Ad.;PreCordillera;2023;3716,6;8,59500000000000e+03
Eulogio Sánchez, Tobalaba Ad.;PreCordillera;2024;1881,4;4,09440000000000e+03
Fuentes Martínez, Porvenir Ad.;Litoral;1985;24,9;7,83000000000000e+01
Fuentes Martínez, Porvenir Ad.;Litoral;1986;35,8;1,12100000000000e+02
Fuentes Martínez, Porvenir Ad.;Litoral;1987;40,7;1,22300000000000e+02
Fuentes Martínez, Porvenir Ad.;Litoral;1988;40,8;1,22800000000000e+02
Fuentes Martínez, Porvenir Ad.;Litoral;1989;43,4;1,26200000000000e+02
Fuentes Martínez, Porvenir Ad.;Litoral;1990;42,7;1,19300000000000e+02
Fuentes Martínez, Porvenir Ad.;Litoral;1991;34,4;1,13200000000000e+02
Fuentes Martínez, Porvenir Ad.;Litoral;1992;33,5;1,16800000000000e+02
Fuentes Martínez, Porvenir Ad.;Litoral;1993;35,7;1,20700000000000e+02
Fuentes Martínez, Porvenir Ad.;Litoral;1994;32,2;1,18800000000000e+02
Fuentes Martínez, Porvenir Ad.;Litoral;1995;28,6;1,17100000000000e+02
Fuentes Martínez, Porvenir Ad.;Litoral;1996;33,0;1,20300000000000e+02
Fuentes Martínez, Porvenir Ad.;Litoral;1997;27,6;1,15200000000000e+02
Fuentes Martínez, Porvenir Ad.;Litoral;1998;40,7;1,28500000000000e+02
Fuentes Martínez, Porvenir Ad.;Litoral;1999;26,8;1,25000000000000e+02
Fuentes Martínez, Porvenir Ad.;Litoral;2000;21,8;1,17700000000000e+02
Fuentes Martínez, Porvenir Ad.;Litoral;2001;25,7;1,16100000000000e+02
Fuentes Martínez, Porvenir Ad.;Litoral;2002;28,7;1,12000000000000e+02
Fuentes Martínez, Porvenir Ad.;Litoral;2003;44,2;1,19600000000000e+02
Fuentes Martínez, Porvenir Ad.;Litoral;2004;50,0;1,19000000000000e+02
Fuentes Martínez, Porvenir Ad.;Litoral;2005;38,4;1,18400000000000e+02
Fuentes Martínez, Porvenir Ad.;Litoral;2006;44,3;1,28800000000000e+02
Fuentes Martínez, Porvenir Ad.;Litoral;2007;36,6;1,05800000000000e+02
Fuentes Martínez, Porvenir Ad.;Litoral;2008;39,2;1,18200000000000e+02
Fuentes Martínez, Porvenir Ad.;Litoral;2009;35,9;7,77000000000000e+01
Fuentes Martínez, Porvenir Ad.;Litoral;2010;35,4;1,21600000000000e+02
Fuentes Martínez, Porvenir Ad.;Litoral;2011;19,3;3,05000000000000e+01
Fuentes Martínez, Porvenir Ad.;Litoral;2012;34,6;4,81000000000000e+01
Fuentes Martínez, Porvenir Ad.;Litoral;2013;1025,5;2,60750000000000e+03
Fuentes Martínez, Porvenir Ad.;Litoral;2014;38,3;9,13000000000000e+01
Fuentes Martínez, Porvenir Ad.;Litoral;2015;32,8;1,07400000000000e+02
Fuentes Martínez, Porvenir Ad.;Litoral;2016;1062,7;2,94100000000000e+03
Fuentes Martínez, Porvenir Ad.;Litoral;2017;1192,9;3,86670000000000e+03
Fuentes Martínez, Porvenir Ad.;Litoral;2018;1059,6;3,78290000000000e+03
Fuentes Martínez, Porvenir Ad.;Litoral;2019;1192,4;3,82640000000000e+03
Fuentes Martínez, Porvenir Ad.;Litoral;2020;1148,4;3,91750000000000e+03
Fuentes Martínez, Porvenir Ad.;Litoral;2021;1329,8;4,07770000000000e+03
Fuentes Martínez, Porvenir Ad.;Litoral;2022;1111,9;3,81200000000000e+03
Fuentes Martínez, Porvenir Ad.;Litoral;2023;945,3;3,69190000000000e+03
Fuentes Martínez, Porvenir Ad.;Litoral;2024;511,7;1,91560000000000e+03
Futaleufú Ad.;Valle;1980;58,9;1,71900000000000e+02
Futaleufú Ad.;Valle;1981;59,4;1,74800000000000e+02
Futaleufú Ad.;Valle;1982;57,0;1,70800000000000e+02
Futaleufú Ad.;Valle;1983;60,2;1,08400000000000e+02
Futaleufú Ad.;Valle;1984;54,3;1,60800000000000e+02
Futaleufú Ad.;Valle;1985;65,8;1,77600000000000e+02
Futaleufú Ad.;Valle;1986;58,5;1,69100000000000e+02
Futaleufú Ad.;Valle;1987;66,8;1,82900000000000e+02
Futaleufú Ad.;Valle;1988;56,4;1,73500000000000e+02
Futaleufú Ad.;Valle;1989;61,0;1,77100000000000e+02
Futaleufú Ad.;Valle;1990;61,0;1,79500000000000e+02
Futaleufú Ad.;Valle;1991;52,0;1,65000000000000e+02
Futaleufú Ad.;Valle;1992;53,6;1,64000000000000e+02
Futaleufú Ad.;Valle;1993;55,2;1,72900000000000e+02
Futaleufú Ad.;Valle;1994;56,8;1,72200000000000e+02
Futaleufú Ad.;Valle;1995;52,5;1,73800000000000e+02
Futaleufú Ad.;Valle;1996;60,6;1,70400000000000e+02
Futaleufú Ad.;Valle;1997;60,8;1,72500000000000e+02
Futaleufú Ad.;Valle;1998;66,6;1,88300000000000e+02
Futaleufú Ad.;Valle;1999;54,1;1,83200000000000e+02
Futaleufú Ad.;Valle;2000;55,7;1,65200000000000e+02
Futaleufú Ad.;Valle;2001;55,0;1,70500000000000e+02
Futaleufú Ad.;Valle;2002;59,1;1,63400000000000e+02
Futaleufú Ad.;Valle;2003;61,9;1,46600000000000e+02
Futaleufú Ad.;Valle;2004;58,9;1,58400000000000e+02
Futaleufú Ad.;Valle;2005;49,8;1,54400000000000e+02
Futaleufú Ad.;Valle;2006;39,7;1,43700000000000e+02
Futaleufú Ad.;Valle;2007;43,0;1,73900000000000e+02
Futaleufú Ad.;Valle;2008;51,0;1,81400000000000e+02
Futaleufú Ad.;Valle;2009;47,3;1,33600000000000e+02
Futaleufú Ad.;Valle;2010;31,6;1,30800000000000e+02
Futaleufú Ad.;Valle;2011;38,8;1,58400000000000e+02
Futaleufú Ad.;Valle;2012;46,2;1,59900000000000e+02
Futaleufú Ad.;Valle;2013;1843,8;5,63930000000000e+03
Futaleufú Ad.;Valle;2014;56,8;1,70600000000000e+02
Futaleufú Ad.;Valle;2015;60,9;1,84100000000000e+02
Futaleufú Ad.;Valle;2016;1694,2;5,79090000000000e+03
Futaleufú Ad.;Valle;2017;1723,0;5,20770000000000e+03
Futaleufú Ad.;Valle;2018;1529,6;5,18840000000000e+03
Futaleufú Ad.;Valle;2019;1600,9;5,30310000000000e+03
Futaleufú Ad.;Valle;2020;1810,8;5,53840000000000e+03
Futaleufú Ad.;Valle;2021;1935,8;6,05980000000000e+03
Futaleufú Ad.;Valle;2022;1651,4;5,39630000000000e+03
Futaleufú Ad.;Valle;2023;1716,5;5,34350000000000e+03
Futaleufú Ad.;Valle;2024;1034,9;2,91970000000000e+03
General Bernardo O'Higgins, Chillán Ad.;Valle;1980;85,6;2,39200000000000e+02
General Bernardo O'Higgins, Chillán Ad.;Valle;1981;84,3;2,43600000000000e+02
General Bernardo O'Higgins, Chillán Ad.;Valle;1982;95,0;2,37600000000000e+02
General Bernardo O'Higgins, Chillán Ad.;Valle;1983;86,2;2,44100000000000e+02
General Bernardo O'Higgins, Chillán Ad.;Valle;1984;83,7;2,34200000000000e+02
General Bernardo O'Higgins, Chillán Ad.;Valle;1985;87,1;2,42000000000000e+02
General Bernardo O'Higgins, Chillán Ad.;Valle;1986;92,2;2,37300000000000e+02
General Bernardo O'Higgins, Chillán Ad.;Valle;1987;94,6;2,50100000000000e+02
General Bernardo O'Higgins, Chillán Ad.;Valle;1988;79,7;2,43200000000000e+02
General Bernardo O'Higgins, Chillán Ad.;Valle;1989;83,7;2,54000000000000e+02
General Bernardo O'Higgins, Chillán Ad.;Valle;1990;77,9;2,48400000000000e+02
General Bernardo O'Higgins, Chillán Ad.;Valle;1991;80,5;2,46000000000000e+02
General Bernardo O'Higgins, Chillán Ad.;Valle;1992;80,2;2,38500000000000e+02
General Bernardo O'Higgins, Chillán Ad.;Valle;1993;82,8;2,48000000000000e+02
General Bernardo O'Higgins, Chillán Ad.;Valle;1994;84,1;2,50500000000000e+02
General Bernardo O'Higgins, Chillán Ad.;Valle;1995;81,9;2,49600000000000e+02
General Bernardo O'Higgins, Chillán Ad.;Valle;1996;81,6;2,47600000000000e+02
General Bernardo O'Higgins, Chillán Ad.;Valle;1997;93,6;2,45500000000000e+02
General Bernardo O'Higgins, Chillán Ad.;Valle;1998;82,5;2,51300000000000e+02
General Bernardo O'Higgins, Chillán Ad.;Valle;1999;89,4;2,45300000000000e+02
General Bernardo O'Higgins, Chillán Ad.;Valle;2000;88,8;2,33400000000000e+02
General Bernardo O'Higgins, Chillán Ad.;Valle;2001;92,8;2,43300000000000e+02
General Bernardo O'Higgins, Chillán Ad.;Valle;2002;84,7;2,30900000000000e+02
General Bernardo O'Higgins, Chillán Ad.;Valle;2003;86,5;2,45700000000000e+02
General Bernardo O'Higgins, Chillán Ad.;Valle;2004;93,2;2,43000000000000e+02
General Bernardo O'Higgins, Chillán Ad.;Valle;2005;91,5;2,44700000000000e+02
General Bernardo O'Higgins, Chillán Ad.;Valle;2006;93,5;2,43900000000000e+02
General Bernardo O'Higgins, Chillán Ad.;Valle;2007;78,8;2,32500000000000e+02
General Bernardo O'Higgins, Chillán Ad.;Valle;2008;93,8;2,54500000000000e+02
General Bernardo O'Higgins, Chillán Ad.;Valle;2009;86,1;2,44400000000000e+02
General Bernardo O'Higgins, Chillán Ad.;Valle;2010;75,8;2,39300000000000e+02
General Bernardo O'Higgins, Chillán Ad.;Valle;2011;66,2;1,98000000000000e+02
General Bernardo O'Higgins, Chillán Ad.;Valle;2012;85,0;2,42600000000000e+02
General Bernardo O'Higgins, Chillán Ad.;Valle;2013;2528,9;7,64280000000000e+03
General Bernardo O'Higgins, Chillán Ad.;Valle;2014;92,2;2,45200000000000e+02
General Bernardo O'Higgins, Chillán Ad.;Valle;2015;88,8;2,57800000000000e+02
General Bernardo O'Higgins, Chillán Ad.;Valle;2016;2629,2;7,89640000000000e+03
General Bernardo O'Higgins, Chillán Ad.;Valle;2017;2623,1;7,57180000000000e+03
General Bernardo O'Higgins, Chillán Ad.;Valle;2018;2472,5;7,49570000000000e+03
General Bernardo O'Higgins, Chillán Ad.;Valle;2019;2548,2;7,79890000000000e+03
General Bernardo O'Higgins, Chillán Ad.;Valle;2020;2571,2;8,03450000000000e+03
General Bernardo O'Higgins, Chillán Ad.;Valle;2021;2634,9;7,74530000000000e+03
General Bernardo O'Higgins, Chillán Ad.;Valle;2022;2502,4;7,58830000000000e+03
General Bernardo O'Higgins, Chillán Ad.;Valle;2023;2641,2;7,48520000000000e+03
General Bernardo O'Higgins, Chillán Ad.;Valle;2024;1406,0;4,05330000000000e+03
General Freire, Curicó Ad.;Valle;1980;93,1;2,50500000000000e+02
General Freire, Curicó Ad.;Valle;1981;88,8;2,53100000000000e+02
General Freire, Curicó Ad.;Valle;1982;95,9;2,46400000000000e+02
General Freire, Curicó Ad.;Valle;1983;87,0;2,48000000000000e+02
General Freire, Curicó Ad.;Valle;1984;83,3;2,41300000000000e+02
General Freire, Curicó Ad.;Valle;1985;89,7;2,45300000000000e+02
General Freire, Curicó Ad.;Valle;1986;96,0;2,43900000000000e+02
General Freire, Curicó Ad.;Valle;1987;96,3;2,51400000000000e+02
General Freire, Curicó Ad.;Valle;1988;82,5;2,47300000000000e+02
General Freire, Curicó Ad.;Valle;1989;86,8;2,55400000000000e+02
General Freire, Curicó Ad.;Valle;1990;85,3;2,45900000000000e+02
General Freire, Curicó Ad.;Valle;1991;89,5;2,47700000000000e+02
General Freire, Curicó Ad.;Valle;1992;94,0;2,41800000000000e+02
General Freire, Curicó Ad.;Valle;1993;88,2;2,53100000000000e+02
General Freire, Curicó Ad.;Valle;1994;95,4;2,53800000000000e+02
General Freire, Curicó Ad.;Valle;1995;90,7;2,54400000000000e+02
General Freire, Curicó Ad.;Valle;1996;83,0;2,54600000000000e+02
General Freire, Curicó Ad.;Valle;1997;104,8;2,59000000000000e+02
General Freire, Curicó Ad.;Valle;1998;93,1;2,59700000000000e+02
General Freire, Curicó Ad.;Valle;1999;101,4;2,56100000000000e+02
General Freire, Curicó Ad.;Valle;2000;97,4;2,50400000000000e+02
General Freire, Curicó Ad.;Valle;2001;94,7;2,55600000000000e+02
General Freire, Curicó Ad.;Valle;2002;90,4;2,43200000000000e+02
General Freire, Curicó Ad.;Valle;2003;93,1;2,56500000000000e+02
General Freire, Curicó Ad.;Valle;2004;96,4;2,55900000000000e+02
General Freire, Curicó Ad.;Valle;2005;99,8;2,54700000000000e+02
General Freire, Curicó Ad.;Valle;2006;99,2;2,55900000000000e+02
General Freire, Curicó Ad.;Valle;2007;86,3;2,44100000000000e+02
General Freire, Curicó Ad.;Valle;2008;100,3;2,63400000000000e+02
General Freire, Curicó Ad.;Valle;2009;96,0;2,55300000000000e+02
General Freire, Curicó Ad.;Valle;2010;85,0;2,50500000000000e+02
General Freire, Curicó Ad.;Valle;2011;90,2;2,54800000000000e+02
General Freire, Curicó Ad.;Valle;2012;100,1;2,56100000000000e+02
General Freire, Curicó Ad.;Valle;2013;2712,4;7,86210000000000e+03
General Freire, Curicó Ad.;Valle;2014;95,0;2,55500000000000e+02
General Freire, Curicó Ad.;Valle;2015;98,6;2,63400000000000e+02
General Freire, Curicó Ad.;Valle;2016;3225,9;8,03300000000000e+03
General Freire, Curicó Ad.;Valle;2017;3127,5;7,88240000000000e+03
General Freire, Curicó Ad.;Valle;2018;3014,0;7,91060000000000e+03
General Freire, Curicó Ad.;Valle;2019;3066,8;8,11490000000000e+03
General Freire, Curicó Ad.;Valle;2020;3219,4;8,26060000000000e+03
General Freire, Curicó Ad.;Valle;2021;3150,7;7,82880000000000e+03
General Freire, Curicó Ad.;Valle;2022;3090,7;7,82000000000000e+03
General Freire, Curicó Ad.;Valle;2023;3399,5;7,95440000000000e+03
General Freire, Curicó Ad.;Valle;2024;1821,5;4,20750000000000e+03
Guardiamarina Zañartu, Pto Williams Ad.;Litoral;1980;27,1;1,12800000000000e+02
Guardiamarina Zañartu, Pto Williams Ad.;Litoral;1981;34,5;1,16600000000000e+02
Guardiamarina Zañartu, Pto Williams Ad.;Litoral;1982;33,1;1,18300000000000e+02
Guardiamarina Zañartu, Pto Williams Ad.;Litoral;1983;34,9;1,15000000000000e+02
Guardiamarina Zañartu, Pto Williams Ad.;Litoral;1984;28,0;1,11600000000000e+02
Guardiamarina Zañartu, Pto Williams Ad.;Litoral;1985;31,3;9,36000000000000e+01
Guardiamarina Zañartu, Pto Williams Ad.;Litoral;1986;28,9;9,78000000000000e+01
Guardiamarina Zañartu, Pto Williams Ad.;Litoral;1987;36,2;1,05700000000000e+02
Guardiamarina Zañartu, Pto Williams Ad.;Litoral;1988;37,2;1,03800000000000e+02
Guardiamarina Zañartu, Pto Williams Ad.;Litoral;1989;41,5;9,06000000000000e+01
Guardiamarina Zañartu, Pto Williams Ad.;Litoral;1990;37,4;1,04400000000000e+02
Guardiamarina Zañartu, Pto Williams Ad.;Litoral;1991;30,5;9,85000000000000e+01
Guardiamarina Zañartu, Pto Williams Ad.;Litoral;1992;31,6;1,03100000000000e+02
Guardiamarina Zañartu, Pto Williams Ad.;Litoral;1993;36,4;1,10800000000000e+02
Guardiamarina Zañartu, Pto Williams Ad.;Litoral;1994;32,4;1,05900000000000e+02
Guardiamarina Zañartu, Pto Williams Ad.;Litoral;1995;19,6;8,14000000000000e+01
Guardiamarina Zañartu, Pto Williams Ad.;Litoral;1996;31,4;1,03500000000000e+02
Guardiamarina Zañartu, Pto Williams Ad.;Litoral;1997;29,3;1,06500000000000e+02
Guardiamarina Zañartu, Pto Williams Ad.;Litoral;1998;38,7;1,14300000000000e+02
Guardiamarina Zañartu, Pto Williams Ad.;Litoral;1999;34,0;9,59000000000000e+01
Guardiamarina Zañartu, Pto Williams Ad.;Litoral;2000;20,2;6,49000000000000e+01
Guardiamarina Zañartu, Pto Williams Ad.;Litoral;2001;26,7;7,03000000000000e+01
Guardiamarina Zañartu, Pto Williams Ad.;Litoral;2002;19,8;6,80000000000000e+01
Guardiamarina Zañartu, Pto Williams Ad.;Litoral;2003;29,4;7,21000000000000e+01
Guardiamarina Zañartu, Pto Williams Ad.;Litoral;2004;41,4;1,01200000000000e+02
Guardiamarina Zañartu, Pto Williams Ad.;Litoral;2005;35,7;9,82000000000000e+01
Guardiamarina Zañartu, Pto Williams Ad.;Litoral;2006;30,8;7,34000000000000e+01
Guardiamarina Zañartu, Pto Williams Ad.;Litoral;2007;25,6;4,06000000000000e+01
Guardiamarina Zañartu, Pto Williams Ad.;Litoral;2008;36,9;6,03000000000000e+01
Guardiamarina Zañartu, Pto Williams Ad.;Litoral;2009;18,3;3,89000000000000e+01
Guardiamarina Zañartu, Pto Williams Ad.;Litoral;2010;30,8;1,14000000000000e+02
Guardiamarina Zañartu, Pto Williams Ad.;Litoral;2011;35,1;1,13600000000000e+02
Guardiamarina Zañartu, Pto Williams Ad.;Litoral;2012;33,0;1,06100000000000e+02
Guardiamarina Zañartu, Pto Williams Ad.;Litoral;2013;872,0;3,34940000000000e+03
Guardiamarina Zañartu, Pto Williams Ad.;Litoral;2014;29,3;1,09400000000000e+02
Guardiamarina Zañartu, Pto Williams Ad.;Litoral;2015;27,1;1,09700000000000e+02
Guardiamarina Zañartu, Pto Williams Ad.;Litoral;2016;1117,1;3,60850000000000e+03
Guardiamarina Zañartu, Pto Williams Ad.;Litoral;2017;1018,2;3,52510000000000e+03
Guardiamarina Zañartu, Pto Williams Ad.;Litoral;2018;933,5;3,65480000000000e+03
Guardiamarina Zañartu, Pto Williams Ad.;Litoral;2019;854,3;3,50390000000000e+03
Guardiamarina Zañartu, Pto Williams Ad.;Litoral;2020;1023,6;3,69830000000000e+03
Guardiamarina Zañartu, Pto Williams Ad.;Litoral;2021;1035,5;3,92530000000000e+03
Guardiamarina Zañartu, Pto Williams Ad.;Litoral;2022;931,2;3,79690000000000e+03
Guardiamarina Zañartu, Pto Williams Ad.;Litoral;2023;842,1;3,49460000000000e+03
Guardiamarina Zañartu, Pto Williams Ad.;Litoral;2024;469,6;1,81780000000000e+03
Juan Fernández, Estación Meteorológica.;Litoral;1980;165,0;2,20600000000000e+02
Juan Fernández, Estación Meteorológica.;Litoral;1981;161,0;2,16900000000000e+02
Juan Fernández, Estación Meteorológica.;Litoral;1982;162,4;2,19800000000000e+02
Juan Fernández, Estación Meteorológica.;Litoral;1983;160,6;2,14700000000000e+02
Juan Fernández, Estación Meteorológica.;Litoral;1984;157,5;2,09100000000000e+02
Juan Fernández, Estación Meteorológica.;Litoral;1985;163,9;2,11700000000000e+02
Juan Fernández, Estación Meteorológica.;Litoral;1986;162,6;2,15800000000000e+02
Juan Fernández, Estación Meteorológica.;Litoral;1987;166,0;2,18600000000000e+02
Juan Fernández, Estación Meteorológica.;Litoral;1988;162,1;2,14100000000000e+02
Juan Fernández, Estación Meteorológica.;Litoral;1989;164,8;2,18900000000000e+02
Juan Fernández, Estación Meteorológica.;Litoral;1990;160,9;2,14200000000000e+02
Juan Fernández, Estación Meteorológica.;Litoral;1991;157,7;2,13600000000000e+02
Juan Fernández, Estación Meteorológica.;Litoral;1992;154,2;2,12000000000000e+02
Juan Fernández, Estación Meteorológica.;Litoral;1993;160,7;2,16600000000000e+02
Juan Fernández, Estación Meteorológica.;Litoral;1994;161,5;2,21100000000000e+02
Juan Fernández, Estación Meteorológica.;Litoral;1995;158,3;2,15100000000000e+02
Juan Fernández, Estación Meteorológica.;Litoral;1996;160,2;2,20000000000000e+02
Juan Fernández, Estación Meteorológica.;Litoral;1997;157,2;2,16900000000000e+02
Juan Fernández, Estación Meteorológica.;Litoral;1998;159,2;2,14100000000000e+02
Juan Fernández, Estación Meteorológica.;Litoral;1999;156,7;2,08800000000000e+02
Juan Fernández, Estación Meteorológica.;Litoral;2000;156,4;2,09700000000000e+02
Juan Fernández, Estación Meteorológica.;Litoral;2001;159,8;2,11700000000000e+02
Juan Fernández, Estación Meteorológica.;Litoral;2002;149,4;2,10600000000000e+02
Juan Fernández, Estación Meteorológica.;Litoral;2003;153,8;2,20600000000000e+02
Juan Fernández, Estación Meteorológica.;Litoral;2004;149,4;2,15800000000000e+02
Juan Fernández, Estación Meteorológica.;Litoral;2005;157,3;2,13100000000000e+02
Juan Fernández, Estación Meteorológica.;Litoral;2006;158,0;2,20700000000000e+02
Juan Fernández, Estación Meteorológica.;Litoral;2007;150,5;2,07100000000000e+02
Juan Fernández, Estación Meteorológica.;Litoral;2008;165,7;2,24700000000000e+02
Juan Fernández, Estación Meteorológica.;Litoral;2009;166,8;2,23600000000000e+02
Juan Fernández, Estación Meteorológica.;Litoral;2010;151,0;2,08000000000000e+02
Juan Fernández, Estación Meteorológica.;Litoral;2011;153,3;2,13000000000000e+02
Juan Fernández, Estación Meteorológica.;Litoral;2012;160,6;2,22500000000000e+02
Juan Fernández, Estación Meteorológica.;Litoral;2013;4864,2;6,65350000000000e+03
Juan Fernández, Estación Meteorológica.;Litoral;2014;156,4;2,16400000000000e+02
Juan Fernández, Estación Meteorológica.;Litoral;2015;145,1;2,02500000000000e+02
Juan Fernández, Estación Meteorológica.;Litoral;2016;3880,4;5,40820000000000e+03
Juan Fernández, Estación Meteorológica.;Litoral;2017;4810,7;6,65210000000000e+03
Juan Fernández, Estación Meteorológica.;Litoral;2018;4667,4;6,51060000000000e+03
Juan Fernández, Estación Meteorológica.;Litoral;2019;4626,2;6,45580000000000e+03
Juan Fernández, Estación Meteorológica.;Litoral;2020;4646,4;6,47110000000000e+03
Juan Fernández, Estación Meteorológica.;Litoral;2021;4672,9;6,38730000000000e+03
Juan Fernández, Estación Meteorológica.;Litoral;2022;4599,3;6,41170000000000e+03
Juan Fernández, Estación Meteorológica.;Litoral;2023;4762,5;6,51860000000000e+03
Juan Fernández, Estación Meteorológica.;Litoral;2024;2581,9;3,52600000000000e+03
La Florida, La Serena Ad.;Secano Costero;1980;133,1;2,27900000000000e+02
La Florida, La Serena Ad.;Secano Costero;1981;126,2;2,23300000000000e+02
La Florida, La Serena Ad.;Secano Costero;1982;135,4;2,30600000000000e+02
La Florida, La Serena Ad.;Secano Costero;1983;135,8;2,25500000000000e+02
La Florida, La Serena Ad.;Secano Costero;1984;125,2;2,18500000000000e+02
La Florida, La Serena Ad.;Secano Costero;1985;127,4;2,22500000000000e+02
La Florida, La Serena Ad.;Secano Costero;1986;129,3;2,24300000000000e+02
La Florida, La Serena Ad.;Secano Costero;1987;134,7;2,24800000000000e+02
La Florida, La Serena Ad.;Secano Costero;1988;120,1;2,14300000000000e+02
La Florida, La Serena Ad.;Secano Costero;1989;125,7;2,13800000000000e+02
La Florida, La Serena Ad.;Secano Costero;1990;121,5;2,11100000000000e+02
La Florida, La Serena Ad.;Secano Costero;1991;132,9;2,17000000000000e+02
La Florida, La Serena Ad.;Secano Costero;1992;132,3;2,16300000000000e+02
La Florida, La Serena Ad.;Secano Costero;1993;125,0;2,14900000000000e+02
La Florida, La Serena Ad.;Secano Costero;1994;129,3;2,15900000000000e+02
La Florida, La Serena Ad.;Secano Costero;1995;125,4;2,14600000000000e+02
La Florida, La Serena Ad.;Secano Costero;1996;126,3;2,11700000000000e+02
La Florida, La Serena Ad.;Secano Costero;1997;146,7;2,32900000000000e+02
La Florida, La Serena Ad.;Secano Costero;1998;133,6;2,21000000000000e+02
La Florida, La Serena Ad.;Secano Costero;1999;127,5;2,13800000000000e+02
La Florida, La Serena Ad.;Secano Costero;2000;125,5;2,11800000000000e+02
La Florida, La Serena Ad.;Secano Costero;2001;129,2;2,17700000000000e+02
La Florida, La Serena Ad.;Secano Costero;2002;126,4;2,22000000000000e+02
La Florida, La Serena Ad.;Secano Costero;2003;124,3;2,14600000000000e+02
La Florida, La Serena Ad.;Secano Costero;2004;125,2;2,16900000000000e+02
La Florida, La Serena Ad.;Secano Costero;2005;128,1;2,17800000000000e+02
La Florida, La Serena Ad.;Secano Costero;2006;131,2;2,20000000000000e+02
La Florida, La Serena Ad.;Secano Costero;2007;118,2;2,10200000000000e+02
La Florida, La Serena Ad.;Secano Costero;2008;128,2;2,15000000000000e+02
La Florida, La Serena Ad.;Secano Costero;2009;124,1;2,12500000000000e+02
La Florida, La Serena Ad.;Secano Costero;2010;119,9;2,10400000000000e+02
La Florida, La Serena Ad.;Secano Costero;2011;124,9;2,13900000000000e+02
La Florida, La Serena Ad.;Secano Costero;2012;128,3;2,24500000000000e+02
La Florida, La Serena Ad.;Secano Costero;2013;3869,6;6,59840000000000e+03
La Florida, La Serena Ad.;Secano Costero;2014;127,0;2,14700000000000e+02
La Florida, La Serena Ad.;Secano Costero;2015;138,2;2,25200000000000e+02
La Florida, La Serena Ad.;Secano Costero;2016;4313,0;7,03790000000000e+03
La Florida, La Serena Ad.;Secano Costero;2017;4107,0;6,88640000000000e+03
La Florida, La Serena Ad.;Secano Costero;2018;3926,6;6,60090000000000e+03
La Florida, La Serena Ad.;Secano Costero;2019;3919,4;6,68880000000000e+03
La Florida, La Serena Ad.;Secano Costero;2020;4097,2;6,61780000000000e+03
La Florida, La Serena Ad.;Secano Costero;2021;3946,1;6,50910000000000e+03
La Florida, La Serena Ad.;Secano Costero;2022;3929,4;6,35420000000000e+03
La Florida, La Serena Ad.;Secano Costero;2023;4244,5;6,90630000000000e+03
La Florida, La Serena Ad.;Secano Costero;2024;2267,9;3,43550000000000e+03
Lord Cochrane Ad.;Valle;1980;34,4;1,56000000000000e+02
Lord Cochrane Ad.;Valle;1981;37,2;1,60800000000000e+02
Lord Cochrane Ad.;Valle;1982;27,9;1,54200000000000e+02
Lord Cochrane Ad.;Valle;1983;43,4;1,65800000000000e+02
Lord Cochrane Ad.;Valle;1984;38,7;1,50900000000000e+02
Lord Cochrane Ad.;Valle;1985;45,3;1,65500000000000e+02
Lord Cochrane Ad.;Valle;1986;35,5;1,50600000000000e+02
Lord Cochrane Ad.;Valle;1987;44,9;1,67300000000000e+02
Lord Cochrane Ad.;Valle;1988;38,4;1,58400000000000e+02
Lord Cochrane Ad.;Valle;1989;40,2;1,54300000000000e+02
Lord Cochrane Ad.;Valle;1990;41,6;1,58600000000000e+02
Lord Cochrane Ad.;Valle;1991;29,5;1,44400000000000e+02
Lord Cochrane Ad.;Valle;1992;29,4;1,49600000000000e+02
Lord Cochrane Ad.;Valle;1993;34,8;1,60700000000000e+02
Lord Cochrane Ad.;Valle;1994;37,9;1,52500000000000e+02
Lord Cochrane Ad.;Valle;1995;34,8;1,52100000000000e+02
Lord Cochrane Ad.;Valle;1996;39,6;1,52200000000000e+02
Lord Cochrane Ad.;Valle;1997;38,0;1,53700000000000e+02
Lord Cochrane Ad.;Valle;1998;52,7;1,70800000000000e+02
Lord Cochrane Ad.;Valle;1999;42,6;1,66100000000000e+02
Lord Cochrane Ad.;Valle;2000;33,4;1,48900000000000e+02
Lord Cochrane Ad.;Valle;2001;21,4;1,23700000000000e+02
Lord Cochrane Ad.;Valle;2002;31,7;1,48400000000000e+02
Lord Cochrane Ad.;Valle;2003;43,5;1,56900000000000e+02
Lord Cochrane Ad.;Valle;2004;41,0;1,72300000000000e+02
Lord Cochrane Ad.;Valle;2005;22,2;1,08000000000000e+02
Lord Cochrane Ad.;Valle;2006;21,3;9,27000000000000e+01
Lord Cochrane Ad.;Valle;2007;38,7;1,60700000000000e+02
Lord Cochrane Ad.;Valle;2008;46,4;1,58700000000000e+02
Lord Cochrane Ad.;Valle;2009;41,2;1,27100000000000e+02
Lord Cochrane Ad.;Valle;2010;14,8;1,28900000000000e+02
Lord Cochrane Ad.;Valle;2011;41,9;1,64800000000000e+02
Lord Cochrane Ad.;Valle;2012;39,0;1,66400000000000e+02
Lord Cochrane Ad.;Valle;2013;1425,3;5,32400000000000e+03
Lord Cochrane Ad.;Valle;2014;41,2;1,65800000000000e+02
Lord Cochrane Ad.;Valle;2015;45,3;1,71600000000000e+02
Lord Cochrane Ad.;Valle;2016;1326,1;5,39010000000000e+03
Lord Cochrane Ad.;Valle;2017;1259,3;5,03880000000000e+03
Lord Cochrane Ad.;Valle;2018;1010,7;5,10990000000000e+03
Lord Cochrane Ad.;Valle;2019;1218,1;4,75100000000000e+03
Lord Cochrane Ad.;Valle;2020;1162,5;5,22940000000000e+03
Lord Cochrane Ad.;Valle;2021;1335,2;5,60420000000000e+03
Lord Cochrane Ad.;Valle;2022;987,0;5,12840000000000e+03
Lord Cochrane Ad.;Valle;2023;973,1;4,74560000000000e+03
Lord Cochrane Ad.;Valle;2024;607,1;2,52910000000000e+03
María Dolores, Los Angeles Ad.;Valle;1980;0,0;0,00000000000000e+00
María Dolores, Los Angeles Ad.;Valle;1981;0,0;0,00000000000000e+00
María Dolores, Los Angeles Ad.;Valle;1982;0,0;0,00000000000000e+00
María Dolores, Los Angeles Ad.;Valle;1983;0,0;0,00000000000000e+00
María Dolores, Los Angeles Ad.;Valle;1984;55,9;1,58700000000000e+02
María Dolores, Los Angeles Ad.;Valle;1985;83,7;2,36800000000000e+02
María Dolores, Los Angeles Ad.;Valle;1986;87,8;2,31800000000000e+02
María Dolores, Los Angeles Ad.;Valle;1987;0,0;0,00000000000000e+00
María Dolores, Los Angeles Ad.;Valle;1988;0,0;0,00000000000000e+00
María Dolores, Los Angeles Ad.;Valle;1989;0,0;0,00000000000000e+00
María Dolores, Los Angeles Ad.;Valle;1990;0,0;0,00000000000000e+00
María Dolores, Los Angeles Ad.;Valle;1991;0,0;0,00000000000000e+00
María Dolores, Los Angeles Ad.;Valle;1992;0,0;0,00000000000000e+00
María Dolores, Los Angeles Ad.;Valle;1993;0,0;0,00000000000000e+00
María Dolores, Los Angeles Ad.;Valle;1994;0,0;0,00000000000000e+00
María Dolores, Los Angeles Ad.;Valle;1995;0,0;0,00000000000000e+00
María Dolores, Los Angeles Ad.;Valle;1996;84,9;2,40700000000000e+02
María Dolores, Los Angeles Ad.;Valle;1997;98,5;2,41400000000000e+02
María Dolores, Los Angeles Ad.;Valle;1998;71,4;2,20500000000000e+02
María Dolores, Los Angeles Ad.;Valle;1999;81,8;2,45200000000000e+02
María Dolores, Los Angeles Ad.;Valle;2000;91,0;2,30600000000000e+02
María Dolores, Los Angeles Ad.;Valle;2001;91,5;2,42200000000000e+02
María Dolores, Los Angeles Ad.;Valle;2002;82,2;2,35900000000000e+02
María Dolores, Los Angeles Ad.;Valle;2003;82,0;2,24700000000000e+02
María Dolores, Los Angeles Ad.;Valle;2004;85,1;2,41800000000000e+02
María Dolores, Los Angeles Ad.;Valle;2005;91,5;2,42500000000000e+02
María Dolores, Los Angeles Ad.;Valle;2006;87,6;2,41600000000000e+02
María Dolores, Los Angeles Ad.;Valle;2007;75,5;2,34900000000000e+02
María Dolores, Los Angeles Ad.;Valle;2008;84,5;2,38000000000000e+02
María Dolores, Los Angeles Ad.;Valle;2009;85,0;2,42400000000000e+02
María Dolores, Los Angeles Ad.;Valle;2010;72,4;2,33900000000000e+02
María Dolores, Los Angeles Ad.;Valle;2011;73,5;2,42100000000000e+02
María Dolores, Los Angeles Ad.;Valle;2012;85,0;2,44800000000000e+02
María Dolores, Los Angeles Ad.;Valle;2013;2495,3;7,75270000000000e+03
María Dolores, Los Angeles Ad.;Valle;2014;85,2;2,45800000000000e+02
María Dolores, Los Angeles Ad.;Valle;2015;83,8;2,54500000000000e+02
María Dolores, Los Angeles Ad.;Valle;2016;2747,5;7,68810000000000e+03
María Dolores, Los Angeles Ad.;Valle;2017;2680,2;7,40400000000000e+03
María Dolores, Los Angeles Ad.;Valle;2018;2660,9;7,36130000000000e+03
María Dolores, Los Angeles Ad.;Valle;2019;2629,8;7,63860000000000e+03
María Dolores, Los Angeles Ad.;Valle;2020;2751,7;7,55150000000000e+03
María Dolores, Los Angeles Ad.;Valle;2021;2552,1;7,70610000000000e+03
María Dolores, Los Angeles Ad.;Valle;2022;2325,0;7,20320000000000e+03
María Dolores, Los Angeles Ad.;Valle;2023;2560,0;7,51730000000000e+03
María Dolores, Los Angeles Ad.;Valle;2024;1375,0;3,88930000000000e+03
Mataveri  Isla de Pascua Ap.;Litoral;1980;224,4;2,97800000000000e+02
Mataveri  Isla de Pascua Ap.;Litoral;1981;216,7;2,89600000000000e+02
Mataveri  Isla de Pascua Ap.;Litoral;1982;220,2;2,86700000000000e+02
Mataveri  Isla de Pascua Ap.;Litoral;1983;208,9;2,75900000000000e+02
Mataveri  Isla de Pascua Ap.;Litoral;1984;215,9;2,87200000000000e+02
Mataveri  Isla de Pascua Ap.;Litoral;1985;212,9;2,82800000000000e+02
Mataveri  Isla de Pascua Ap.;Litoral;1986;212,4;2,78600000000000e+02
Mataveri  Isla de Pascua Ap.;Litoral;1987;214,8;2,83900000000000e+02
Mataveri  Isla de Pascua Ap.;Litoral;1988;209,3;2,80100000000000e+02
Mataveri  Isla de Pascua Ap.;Litoral;1989;215,1;2,85900000000000e+02
Mataveri  Isla de Pascua Ap.;Litoral;1990;218,1;2,86500000000000e+02
Mataveri  Isla de Pascua Ap.;Litoral;1991;214,5;2,82100000000000e+02
Mataveri  Isla de Pascua Ap.;Litoral;1992;213,8;2,86200000000000e+02
Mataveri  Isla de Pascua Ap.;Litoral;1993;214,8;2,82800000000000e+02
Mataveri  Isla de Pascua Ap.;Litoral;1994;209,5;2,81300000000000e+02
Mataveri  Isla de Pascua Ap.;Litoral;1995;215,0;2,85900000000000e+02
Mataveri  Isla de Pascua Ap.;Litoral;1996;208,0;2,84300000000000e+02
Mataveri  Isla de Pascua Ap.;Litoral;1997;208,8;2,83800000000000e+02
Mataveri  Isla de Pascua Ap.;Litoral;1998;206,0;2,77200000000000e+02
Mataveri  Isla de Pascua Ap.;Litoral;1999;214,1;2,90700000000000e+02
Mataveri  Isla de Pascua Ap.;Litoral;2000;219,6;2,96200000000000e+02
Mataveri  Isla de Pascua Ap.;Litoral;2001;221,5;2,97700000000000e+02
Mataveri  Isla de Pascua Ap.;Litoral;2002;222,2;2,98400000000000e+02
Mataveri  Isla de Pascua Ap.;Litoral;2003;217,3;2,90900000000000e+02
Mataveri  Isla de Pascua Ap.;Litoral;2004;217,2;2,91500000000000e+02
Mataveri  Isla de Pascua Ap.;Litoral;2005;216,5;2,91700000000000e+02
Mataveri  Isla de Pascua Ap.;Litoral;2006;215,8;2,92100000000000e+02
Mataveri  Isla de Pascua Ap.;Litoral;2007;210,7;2,86400000000000e+02
Mataveri  Isla de Pascua Ap.;Litoral;2008;208,1;2,86600000000000e+02
Mataveri  Isla de Pascua Ap.;Litoral;2009;220,3;2,91000000000000e+02
Mataveri  Isla de Pascua Ap.;Litoral;2010;210,8;2,86400000000000e+02
Mataveri  Isla de Pascua Ap.;Litoral;2011;213,8;2,86500000000000e+02
Mataveri  Isla de Pascua Ap.;Litoral;2012;214,3;2,84400000000000e+02
Mataveri  Isla de Pascua Ap.;Litoral;2013;6636,6;8,71250000000000e+03
Mataveri  Isla de Pascua Ap.;Litoral;2014;209,2;2,81000000000000e+02
Mataveri  Isla de Pascua Ap.;Litoral;2015;212,2;2,83300000000000e+02
Mataveri  Isla de Pascua Ap.;Litoral;2016;6576,7;8,75590000000000e+03
Mataveri  Isla de Pascua Ap.;Litoral;2017;6674,6;8,94180000000000e+03
Mataveri  Isla de Pascua Ap.;Litoral;2018;6551,3;8,93130000000000e+03
Mataveri  Isla de Pascua Ap.;Litoral;2019;6502,2;8,77660000000000e+03
Mataveri  Isla de Pascua Ap.;Litoral;2020;6386,4;8,65650000000000e+03
Mataveri  Isla de Pascua Ap.;Litoral;2021;6231,9;8,78310000000000e+03
Mataveri  Isla de Pascua Ap.;Litoral;2022;6311,6;8,81820000000000e+03
Mataveri  Isla de Pascua Ap.;Litoral;2023;6461,6;8,64230000000000e+03
Mataveri  Isla de Pascua Ap.;Litoral;2024;3460,6;4,54240000000000e+03
Pichoy, Valdivia Ad.;Valle;1980;77,4;2,06000000000000e+02
Pichoy, Valdivia Ad.;Valle;1981;74,0;2,07600000000000e+02
Pichoy, Valdivia Ad.;Valle;1982;78,3;2,05300000000000e+02
Pichoy, Valdivia Ad.;Valle;1983;68,2;2,10100000000000e+02
Pichoy, Valdivia Ad.;Valle;1984;68,3;1,96100000000000e+02
Pichoy, Valdivia Ad.;Valle;1985;78,9;2,04100000000000e+02
Pichoy, Valdivia Ad.;Valle;1986;75,1;1,98000000000000e+02
Pichoy, Valdivia Ad.;Valle;1987;77,0;2,12100000000000e+02
Pichoy, Valdivia Ad.;Valle;1988;67,2;2,04700000000000e+02
Pichoy, Valdivia Ad.;Valle;1989;72,2;2,06300000000000e+02
Pichoy, Valdivia Ad.;Valle;1990;72,4;2,01400000000000e+02
Pichoy, Valdivia Ad.;Valle;1991;74,4;1,96900000000000e+02
Pichoy, Valdivia Ad.;Valle;1992;77,5;1,97300000000000e+02
Pichoy, Valdivia Ad.;Valle;1993;78,3;2,03600000000000e+02
Pichoy, Valdivia Ad.;Valle;1994;82,2;2,08400000000000e+02
Pichoy, Valdivia Ad.;Valle;1995;73,2;2,02900000000000e+02
Pichoy, Valdivia Ad.;Valle;1996;73,0;2,03100000000000e+02
Pichoy, Valdivia Ad.;Valle;1997;80,3;2,08100000000000e+02
Pichoy, Valdivia Ad.;Valle;1998;71,1;2,16500000000000e+02
Pichoy, Valdivia Ad.;Valle;1999;68,3;2,11900000000000e+02
Pichoy, Valdivia Ad.;Valle;2000;72,8;2,00100000000000e+02
Pichoy, Valdivia Ad.;Valle;2001;74,2;2,06400000000000e+02
Pichoy, Valdivia Ad.;Valle;2002;81,3;2,03200000000000e+02
Pichoy, Valdivia Ad.;Valle;2003;77,1;2,04700000000000e+02
Pichoy, Valdivia Ad.;Valle;2004;80,6;2,11500000000000e+02
Pichoy, Valdivia Ad.;Valle;2005;76,5;2,04200000000000e+02
Pichoy, Valdivia Ad.;Valle;2006;80,7;2,02700000000000e+02
Pichoy, Valdivia Ad.;Valle;2007;69,3;1,96200000000000e+02
Pichoy, Valdivia Ad.;Valle;2008;81,4;2,18300000000000e+02
Pichoy, Valdivia Ad.;Valle;2009;73,0;2,03300000000000e+02
Pichoy, Valdivia Ad.;Valle;2010;74,9;1,99300000000000e+02
Pichoy, Valdivia Ad.;Valle;2011;78,1;2,08100000000000e+02
Pichoy, Valdivia Ad.;Valle;2012;78,6;2,07600000000000e+02
Pichoy, Valdivia Ad.;Valle;2013;2400,8;6,63040000000000e+03
Pichoy, Valdivia Ad.;Valle;2014;74,1;2,06700000000000e+02
Pichoy, Valdivia Ad.;Valle;2015;75,8;2,15700000000000e+02
Pichoy, Valdivia Ad.;Valle;2016;2009,8;6,69720000000000e+03
Pichoy, Valdivia Ad.;Valle;2017;2214,5;6,24620000000000e+03
Pichoy, Valdivia Ad.;Valle;2018;2057,6;6,19610000000000e+03
Pichoy, Valdivia Ad.;Valle;2019;1838,8;6,35850000000000e+03
Pichoy, Valdivia Ad.;Valle;2020;1872,0;6,54320000000000e+03
Pichoy, Valdivia Ad.;Valle;2021;1926,3;6,70250000000000e+03
Pichoy, Valdivia Ad.;Valle;2022;1863,7;6,27090000000000e+03
Pichoy, Valdivia Ad.;Valle;2023;2080,3;6,25560000000000e+03
Pichoy, Valdivia Ad.;Valle;2024;1195,4;3,43820000000000e+03
Pudahuel Santiago;Valle;1980;85,1;2,69500000000000e+02
Pudahuel Santiago;Valle;1981;77,6;2,71200000000000e+02
Pudahuel Santiago;Valle;1982;89,3;2,61200000000000e+02
Pudahuel Santiago;Valle;1983;79,8;2,65400000000000e+02
Pudahuel Santiago;Valle;1984;80,3;2,59800000000000e+02
Pudahuel Santiago;Valle;1985;86,8;2,66500000000000e+02
Pudahuel Santiago;Valle;1986;96,3;2,66900000000000e+02
Pudahuel Santiago;Valle;1987;99,0;2,68200000000000e+02
Pudahuel Santiago;Valle;1988;78,6;2,75600000000000e+02
Pudahuel Santiago;Valle;1989;80,2;2,78900000000000e+02
Pudahuel Santiago;Valle;1990;71,2;2,82000000000000e+02
Pudahuel Santiago;Valle;1991;85,1;2,73100000000000e+02
Pudahuel Santiago;Valle;1992;88,5;2,60800000000000e+02
Pudahuel Santiago;Valle;1993;82,4;2,65900000000000e+02
Pudahuel Santiago;Valle;1994;88,8;2,70400000000000e+02
Pudahuel Santiago;Valle;1995;88,2;2,72700000000000e+02
Pudahuel Santiago;Valle;1996;80,4;2,74100000000000e+02
Pudahuel Santiago;Valle;1997;100,1;2,68700000000000e+02
Pudahuel Santiago;Valle;1998;90,6;2,72900000000000e+02
Pudahuel Santiago;Valle;1999;88,7;2,63500000000000e+02
Pudahuel Santiago;Valle;2000;83,7;2,67500000000000e+02
Pudahuel Santiago;Valle;2001;90,5;2,69000000000000e+02
Pudahuel Santiago;Valle;2002;87,8;2,66500000000000e+02
Pudahuel Santiago;Valle;2003;85,2;2,79200000000000e+02
Pudahuel Santiago;Valle;2004;90,3;2,68600000000000e+02
Pudahuel Santiago;Valle;2005;96,9;2,65200000000000e+02
Pudahuel Santiago;Valle;2006;99,6;2,73300000000000e+02
Pudahuel Santiago;Valle;2007;80,3;2,58900000000000e+02
Pudahuel Santiago;Valle;2008;97,1;2,76000000000000e+02
Pudahuel Santiago;Valle;2009;96,4;2,81300000000000e+02
Pudahuel Santiago;Valle;2010;85,8;2,75800000000000e+02
Pudahuel Santiago;Valle;2011;89,4;2,81300000000000e+02
Pudahuel Santiago;Valle;2012;102,9;2,80700000000000e+02
Pudahuel Santiago;Valle;2013;2900,0;8,48310000000000e+03
Pudahuel Santiago;Valle;2014;98,4;2,75900000000000e+02
Pudahuel Santiago;Valle;2015;104,4;2,84900000000000e+02
Pudahuel Santiago;Valle;2016;3255,8;8,57930000000000e+03
Pudahuel Santiago;Valle;2017;3100,9;8,44630000000000e+03
Pudahuel Santiago;Valle;2018;3029,9;8,73670000000000e+03
Pudahuel Santiago;Valle;2019;3054,7;8,94890000000000e+03
Pudahuel Santiago;Valle;2020;3060,0;8,93000000000000e+03
Pudahuel Santiago;Valle;2021;2909,4;8,71050000000000e+03
Pudahuel Santiago;Valle;2022;2928,8;8,55430000000000e+03
Pudahuel Santiago;Valle;2023;3256,0;8,64540000000000e+03
Pudahuel Santiago;Valle;2024;1785,5;4,51630000000000e+03
Puerto Aysén Ad.;Valle;1980;75,1;1,49300000000000e+02
Puerto Aysén Ad.;Valle;1981;73,9;1,53900000000000e+02
Puerto Aysén Ad.;Valle;1982;71,6;1,49800000000000e+02
Puerto Aysén Ad.;Valle;1983;76,5;1,59600000000000e+02
Puerto Aysén Ad.;Valle;1984;67,6;1,50600000000000e+02
Puerto Aysén Ad.;Valle;1985;77,9;1,59300000000000e+02
Puerto Aysén Ad.;Valle;1986;71,5;1,47400000000000e+02
Puerto Aysén Ad.;Valle;1987;76,8;1,63200000000000e+02
Puerto Aysén Ad.;Valle;1988;69,6;1,55300000000000e+02
Puerto Aysén Ad.;Valle;1989;73,5;1,53500000000000e+02
Puerto Aysén Ad.;Valle;1990;75,2;1,55800000000000e+02
Puerto Aysén Ad.;Valle;1991;67,3;1,47700000000000e+02
Puerto Aysén Ad.;Valle;1992;71,1;1,50600000000000e+02
Puerto Aysén Ad.;Valle;1993;75,9;1,53700000000000e+02
Puerto Aysén Ad.;Valle;1994;73,6;1,53700000000000e+02
Puerto Aysén Ad.;Valle;1995;70,5;1,52700000000000e+02
Puerto Aysén Ad.;Valle;1996;44,6;6,40000000000000e+01
Puerto Aysén Ad.;Valle;1997;9,4;1,90000000000000e+01
Puerto Aysén Ad.;Valle;1998;22,5;6,40000000000000e+01
Puerto Aysén Ad.;Valle;1999;42,6;9,52000000000000e+01
Puerto Aysén Ad.;Valle;2000;16,4;4,69000000000000e+01
Puerto Aysén Ad.;Valle;2001;48,0;1,15800000000000e+02
Puerto Aysén Ad.;Valle;2002;30,0;6,10000000000000e+01
Puerto Aysén Ad.;Valle;2003;39,4;7,82000000000000e+01
Puerto Aysén Ad.;Valle;2004;50,0;1,06600000000000e+02
Puerto Aysén Ad.;Valle;2005;27,0;6,11000000000000e+01
Puerto Aysén Ad.;Valle;2006;11,8;2,40000000000000e+01
Puerto Aysén Ad.;Valle;2007;23,8;5,18000000000000e+01
Puerto Aysén Ad.;Valle;2008;14,5;3,26000000000000e+01
Puerto Aysén Ad.;Valle;2009;11,0;3,55000000000000e+01
Puerto Aysén Ad.;Valle;2010;38,7;9,41000000000000e+01
Puerto Aysén Ad.;Valle;2011;21,3;3,84000000000000e+01
Puerto Aysén Ad.;Valle;2012;13,4;3,31000000000000e+01
Puerto Aysén Ad.;Valle;2013;2032,9;3,05620000000000e+03
Puerto Aysén Ad.;Valle;2014;80,9;1,55100000000000e+02
Puerto Aysén Ad.;Valle;2015;71,4;1,20400000000000e+02
Puerto Aysén Ad.;Valle;2016;1860,1;3,48480000000000e+03
Puerto Aysén Ad.;Valle;2017;2098,7;4,03500000000000e+03
Puerto Aysén Ad.;Valle;2018;1946,4;4,23980000000000e+03
Puerto Aysén Ad.;Valle;2019;2150,0;4,59430000000000e+03
Puerto Aysén Ad.;Valle;2020;1689,0;3,85580000000000e+03
Puerto Aysén Ad.;Valle;2021;1579,0;3,04350000000000e+03
Puerto Aysén Ad.;Valle;2022;1504,0;3,34040000000000e+03
Puerto Aysén Ad.;Valle;2023;1815,5;4,04290000000000e+03
Puerto Aysén Ad.;Valle;2024;1145,1;2,51670000000000e+03
Quinta Normal, Santiago;Valle;1980;108,3;2,71300000000000e+02
Quinta Normal, Santiago;Valle;1981;101,7;2,75700000000000e+02
Quinta Normal, Santiago;Valle;1982;109,1;2,67000000000000e+02
Quinta Normal, Santiago;Valle;1983;100,6;2,71100000000000e+02
Quinta Normal, Santiago;Valle;1984;99,5;2,64700000000000e+02
Quinta Normal, Santiago;Valle;1985;100,6;2,71900000000000e+02
Quinta Normal, Santiago;Valle;1986;108,6;2,73400000000000e+02
Quinta Normal, Santiago;Valle;1987;109,4;2,72500000000000e+02
Quinta Normal, Santiago;Valle;1988;93,0;2,77800000000000e+02
Quinta Normal, Santiago;Valle;1989;101,8;2,77800000000000e+02
Quinta Normal, Santiago;Valle;1990;96,2;2,76400000000000e+02
Quinta Normal, Santiago;Valle;1991;102,3;2,69700000000000e+02
Quinta Normal, Santiago;Valle;1992;103,9;2,61900000000000e+02
Quinta Normal, Santiago;Valle;1993;101,9;2,72700000000000e+02
Quinta Normal, Santiago;Valle;1994;105,4;2,75300000000000e+02
Quinta Normal, Santiago;Valle;1995;103,2;2,76800000000000e+02
Quinta Normal, Santiago;Valle;1996;96,9;2,79600000000000e+02
Quinta Normal, Santiago;Valle;1997;113,4;2,76300000000000e+02
Quinta Normal, Santiago;Valle;1998;106,4;2,79200000000000e+02
Quinta Normal, Santiago;Valle;1999;105,0;2,68500000000000e+02
Quinta Normal, Santiago;Valle;2000;105,5;2,71100000000000e+02
Quinta Normal, Santiago;Valle;2001;111,9;2,71600000000000e+02
Quinta Normal, Santiago;Valle;2002;107,9;2,70400000000000e+02
Quinta Normal, Santiago;Valle;2003;107,9;2,83600000000000e+02
Quinta Normal, Santiago;Valle;2004;108,4;2,74300000000000e+02
Quinta Normal, Santiago;Valle;2005;110,9;2,71800000000000e+02
Quinta Normal, Santiago;Valle;2006;113,9;2,81100000000000e+02
Quinta Normal, Santiago;Valle;2007;92,9;2,67300000000000e+02
Quinta Normal, Santiago;Valle;2008;107,1;2,80600000000000e+02
Quinta Normal, Santiago;Valle;2009;106,4;2,83000000000000e+02
Quinta Normal, Santiago;Valle;2010;94,6;2,77200000000000e+02
Quinta Normal, Santiago;Valle;2011;98,1;2,83700000000000e+02
Quinta Normal, Santiago;Valle;2012;109,1;2,84900000000000e+02
Quinta Normal, Santiago;Valle;2013;3061,2;8,66690000000000e+03
Quinta Normal, Santiago;Valle;2014;102,6;2,83000000000000e+02
Quinta Normal, Santiago;Valle;2015;109,5;2,91300000000000e+02
Quinta Normal, Santiago;Valle;2016;3425,5;8,78960000000000e+03
Quinta Normal, Santiago;Valle;2017;3173,2;8,59750000000000e+03
Quinta Normal, Santiago;Valle;2018;3028,1;8,71440000000000e+03
Quinta Normal, Santiago;Valle;2019;3014,1;8,87400000000000e+03
Quinta Normal, Santiago;Valle;2020;3022,8;8,95990000000000e+03
Quinta Normal, Santiago;Valle;2021;2929,2;8,75270000000000e+03
Quinta Normal, Santiago;Valle;2022;2957,5;8,67910000000000e+03
Quinta Normal, Santiago;Valle;2023;3337,8;8,70090000000000e+03
Quinta Normal, Santiago;Valle;2024;1784,6;4,49620000000000e+03
Rodelillo, Ad.;Litoral;1980;120,9;2,29100000000000e+02
Rodelillo, Ad.;Litoral;1981;113,3;2,31900000000000e+02
Rodelillo, Ad.;Litoral;1982;125,3;2,25900000000000e+02
Rodelillo, Ad.;Litoral;1983;104,4;2,28200000000000e+02
Rodelillo, Ad.;Litoral;1984;90,6;2,24100000000000e+02
Rodelillo, Ad.;Litoral;1985;114,1;2,23300000000000e+02
Rodelillo, Ad.;Litoral;1986;122,7;2,28200000000000e+02
Rodelillo, Ad.;Litoral;1987;119,2;2,32400000000000e+02
Rodelillo, Ad.;Litoral;1988;109,6;2,26100000000000e+02
Rodelillo, Ad.;Litoral;1989;114,4;2,32700000000000e+02
Rodelillo, Ad.;Litoral;1990;108,5;2,37600000000000e+02
Rodelillo, Ad.;Litoral;1991;112,1;2,34300000000000e+02
Rodelillo, Ad.;Litoral;1992;109,7;2,33100000000000e+02
Rodelillo, Ad.;Litoral;1993;109,6;2,19600000000000e+02
Rodelillo, Ad.;Litoral;1994;113,9;2,32900000000000e+02
Rodelillo, Ad.;Litoral;1995;115,1;2,34600000000000e+02
Rodelillo, Ad.;Litoral;1996;114,3;2,24000000000000e+02
Rodelillo, Ad.;Litoral;1997;128,9;2,33200000000000e+02
Rodelillo, Ad.;Litoral;1998;118,3;2,28800000000000e+02
Rodelillo, Ad.;Litoral;1999;114,4;2,20400000000000e+02
Rodelillo, Ad.;Litoral;2000;112,0;2,27500000000000e+02
Rodelillo, Ad.;Litoral;2001;117,5;2,21400000000000e+02
Rodelillo, Ad.;Litoral;2002;119,0;2,29700000000000e+02
Rodelillo, Ad.;Litoral;2003;120,2;2,31800000000000e+02
Rodelillo, Ad.;Litoral;2004;120,2;2,28800000000000e+02
Rodelillo, Ad.;Litoral;2005;119,5;2,21300000000000e+02
Rodelillo, Ad.;Litoral;2006;122,2;2,29500000000000e+02
Rodelillo, Ad.;Litoral;2007;105,2;2,21300000000000e+02
Rodelillo, Ad.;Litoral;2008;117,8;2,24800000000000e+02
Rodelillo, Ad.;Litoral;2009;115,3;2,33600000000000e+02
Rodelillo, Ad.;Litoral;2010;107,0;2,24200000000000e+02
Rodelillo, Ad.;Litoral;2011;111,5;2,26200000000000e+02
Rodelillo, Ad.;Litoral;2012;120,6;2,31700000000000e+02
Rodelillo, Ad.;Litoral;2013;3511,4;6,97530000000000e+03
Rodelillo, Ad.;Litoral;2014;110,5;2,31300000000000e+02
Rodelillo, Ad.;Litoral;2015;116,9;2,35300000000000e+02
Rodelillo, Ad.;Litoral;2016;3723,4;7,10000000000000e+03
Rodelillo, Ad.;Litoral;2017;3503,4;7,18430000000000e+03
Rodelillo, Ad.;Litoral;2018;3422,7;7,18140000000000e+03
Rodelillo, Ad.;Litoral;2019;3380,0;7,36640000000000e+03
Rodelillo, Ad.;Litoral;2020;3486,5;7,15690000000000e+03
Rodelillo, Ad.;Litoral;2021;3269,4;6,79870000000000e+03
Rodelillo, Ad.;Litoral;2022;3272,3;6,93240000000000e+03
Rodelillo, Ad.;Litoral;2023;3676,2;7,29210000000000e+03
Rodelillo, Ad.;Litoral;2024;1934,0;3,80050000000000e+03
Santo Domingo, Ad.;Litoral;1980;95,8;2,12500000000000e+02
Santo Domingo, Ad.;Litoral;1981;88,6;1,74300000000000e+02
Santo Domingo, Ad.;Litoral;1982;104,2;1,51600000000000e+02
Santo Domingo, Ad.;Litoral;1983;94,7;1,27400000000000e+02
Santo Domingo, Ad.;Litoral;1984;86,6;1,46100000000000e+02
Santo Domingo, Ad.;Litoral;1985;90,8;1,70100000000000e+02
Santo Domingo, Ad.;Litoral;1986;95,0;2,14300000000000e+02
Santo Domingo, Ad.;Litoral;1987;106,5;2,17300000000000e+02
Santo Domingo, Ad.;Litoral;1988;85,4;2,07000000000000e+02
Santo Domingo, Ad.;Litoral;1989;79,0;2,20500000000000e+02
Santo Domingo, Ad.;Litoral;1990;81,0;2,21300000000000e+02
Santo Domingo, Ad.;Litoral;1991;89,8;2,22700000000000e+02
Santo Domingo, Ad.;Litoral;1992;92,5;2,21600000000000e+02
Santo Domingo, Ad.;Litoral;1993;85,4;2,18900000000000e+02
Santo Domingo, Ad.;Litoral;1994;92,9;2,23200000000000e+02
Santo Domingo, Ad.;Litoral;1995;95,9;2,12700000000000e+02
Santo Domingo, Ad.;Litoral;1996;90,0;2,10500000000000e+02
Santo Domingo, Ad.;Litoral;1997;107,9;2,20400000000000e+02
Santo Domingo, Ad.;Litoral;1998;97,2;2,13300000000000e+02
Santo Domingo, Ad.;Litoral;1999;99,9;2,09900000000000e+02
Santo Domingo, Ad.;Litoral;2000;94,4;1,91300000000000e+02
Santo Domingo, Ad.;Litoral;2001;100,9;2,10200000000000e+02
Santo Domingo, Ad.;Litoral;2002;98,7;2,15400000000000e+02
Santo Domingo, Ad.;Litoral;2003;95,4;2,12700000000000e+02
Santo Domingo, Ad.;Litoral;2004;103,0;2,15000000000000e+02
Santo Domingo, Ad.;Litoral;2005;105,8;2,09200000000000e+02
Santo Domingo, Ad.;Litoral;2006;106,6;2,17500000000000e+02
Santo Domingo, Ad.;Litoral;2007;86,7;2,03900000000000e+02
Santo Domingo, Ad.;Litoral;2008;103,6;2,11100000000000e+02
Santo Domingo, Ad.;Litoral;2009;93,2;2,09900000000000e+02
Santo Domingo, Ad.;Litoral;2010;89,5;2,06800000000000e+02
Santo Domingo, Ad.;Litoral;2011;93,3;2,11000000000000e+02
Santo Domingo, Ad.;Litoral;2012;99,9;2,14200000000000e+02
Santo Domingo, Ad.;Litoral;2013;2872,6;6,33250000000000e+03
Santo Domingo, Ad.;Litoral;2014;95,7;2,09100000000000e+02
Santo Domingo, Ad.;Litoral;2015;99,6;2,17600000000000e+02
Santo Domingo, Ad.;Litoral;2016;3338,4;6,69230000000000e+03
Santo Domingo, Ad.;Litoral;2017;3118,4;6,53170000000000e+03
Santo Domingo, Ad.;Litoral;2018;2949,7;6,46090000000000e+03
Santo Domingo, Ad.;Litoral;2019;2830,8;6,03450000000000e+03
Santo Domingo, Ad.;Litoral;2020;3011,4;6,35970000000000e+03
Santo Domingo, Ad.;Litoral;2021;3045,3;6,21810000000000e+03
Santo Domingo, Ad.;Litoral;2022;2865,1;6,14640000000000e+03
Santo Domingo, Ad.;Litoral;2023;3178,3;6,41670000000000e+03
Santo Domingo, Ad.;Litoral;2024;1597,6;3,33480000000000e+03
Teniente Gallardo, Puerto Natales Ad.;Valle;1999;8,9;2,77000000000000e+01
Teniente Gallardo, Puerto Natales Ad.;Valle;2000;0,0;0,00000000000000e+00
Teniente Gallardo, Puerto Natales Ad.;Valle;2001;0,0;0,00000000000000e+00
Teniente Gallardo, Puerto Natales Ad.;Valle;2002;0,0;0,00000000000000e+00
Teniente Gallardo, Puerto Natales Ad.;Valle;2003;8,6;3,48000000000000e+01
Teniente Gallardo, Puerto Natales Ad.;Valle;2004;19,5;4,79000000000000e+01
Teniente Gallardo, Puerto Natales Ad.;Valle;2005;4,9;5,33000000000000e+01
Teniente Gallardo, Puerto Natales Ad.;Valle;2006;9,3;2,98000000000000e+01
Teniente Gallardo, Puerto Natales Ad.;Valle;2007;16,7;3,99000000000000e+01
Teniente Gallardo, Puerto Natales Ad.;Valle;2008;23,3;3,59000000000000e+01
Teniente Gallardo, Puerto Natales Ad.;Valle;2009;29,3;9,51000000000000e+01
Teniente Gallardo, Puerto Natales Ad.;Valle;2010;19,7;1,24200000000000e+02
Teniente Gallardo, Puerto Natales Ad.;Valle;2011;22,6;6,47000000000000e+01
Teniente Gallardo, Puerto Natales Ad.;Valle;2012;28,3;1,33600000000000e+02
Teniente Gallardo, Puerto Natales Ad.;Valle;2013;951,4;4,23990000000000e+03
Teniente Gallardo, Puerto Natales Ad.;Valle;2014;23,5;1,31800000000000e+02
Teniente Gallardo, Puerto Natales Ad.;Valle;2015;20,7;1,35200000000000e+02
Teniente Gallardo, Puerto Natales Ad.;Valle;2016;659,4;4,50250000000000e+03
Teniente Gallardo, Puerto Natales Ad.;Valle;2017;875,1;4,26960000000000e+03
Teniente Gallardo, Puerto Natales Ad.;Valle;2018;736,6;4,14460000000000e+03
Teniente Gallardo, Puerto Natales Ad.;Valle;2019;821,8;4,20670000000000e+03
Teniente Gallardo, Puerto Natales Ad.;Valle;2020;817,8;4,25640000000000e+03
Teniente Gallardo, Puerto Natales Ad.;Valle;2021;889,2;4,56450000000000e+03
Teniente Gallardo, Puerto Natales Ad.;Valle;2022;647,2;4,39210000000000e+03
Teniente Gallardo, Puerto Natales Ad.;Valle;2023;641,7;4,03150000000000e+03
Teniente Gallardo, Puerto Natales Ad.;Valle;2024;312,0;2,06350000000000e+03
Teniente Vidal, Coyhaique Ad.;Valle;1980;53,4;1,37000000000000e+02
Teniente Vidal, Coyhaique Ad.;Valle;1981;53,3;1,60200000000000e+02
Teniente Vidal, Coyhaique Ad.;Valle;1982;48,0;1,51800000000000e+02
Teniente Vidal, Coyhaique Ad.;Valle;1983;58,6;1,65700000000000e+02
Teniente Vidal, Coyhaique Ad.;Valle;1984;43,1;1,47300000000000e+02
Teniente Vidal, Coyhaique Ad.;Valle;1985;54,8;1,63900000000000e+02
Teniente Vidal, Coyhaique Ad.;Valle;1986;45,0;1,51100000000000e+02
Teniente Vidal, Coyhaique Ad.;Valle;1987;53,1;1,66200000000000e+02
Teniente Vidal, Coyhaique Ad.;Valle;1988;51,0;1,54200000000000e+02
Teniente Vidal, Coyhaique Ad.;Valle;1989;54,6;1,54300000000000e+02
Teniente Vidal, Coyhaique Ad.;Valle;1990;53,4;1,55700000000000e+02
Teniente Vidal, Coyhaique Ad.;Valle;1991;45,3;1,43800000000000e+02
Teniente Vidal, Coyhaique Ad.;Valle;1992;53,8;1,49000000000000e+02
Teniente Vidal, Coyhaique Ad.;Valle;1993;55,9;1,54300000000000e+02
Teniente Vidal, Coyhaique Ad.;Valle;1994;54,3;1,56300000000000e+02
Teniente Vidal, Coyhaique Ad.;Valle;1995;51,1;1,53900000000000e+02
Teniente Vidal, Coyhaique Ad.;Valle;1996;58,0;1,50900000000000e+02
Teniente Vidal, Coyhaique Ad.;Valle;1997;54,5;1,51700000000000e+02
Teniente Vidal, Coyhaique Ad.;Valle;1998;68,1;1,71500000000000e+02
Teniente Vidal, Coyhaique Ad.;Valle;1999;51,8;1,64100000000000e+02
Teniente Vidal, Coyhaique Ad.;Valle;2000;46,9;1,48100000000000e+02
Teniente Vidal, Coyhaique Ad.;Valle;2001;47,4;1,49600000000000e+02
Teniente Vidal, Coyhaique Ad.;Valle;2002;48,2;1,48800000000000e+02
Teniente Vidal, Coyhaique Ad.;Valle;2003;55,6;1,55300000000000e+02
Teniente Vidal, Coyhaique Ad.;Valle;2004;59,7;1,67900000000000e+02
Teniente Vidal, Coyhaique Ad.;Valle;2005;48,1;1,57500000000000e+02
Teniente Vidal, Coyhaique Ad.;Valle;2006;47,3;1,51400000000000e+02
Teniente Vidal, Coyhaique Ad.;Valle;2007;49,8;1,59400000000000e+02
Teniente Vidal, Coyhaique Ad.;Valle;2008;52,3;1,73900000000000e+02
Teniente Vidal, Coyhaique Ad.;Valle;2009;51,9;1,58000000000000e+02
Teniente Vidal, Coyhaique Ad.;Valle;2010;44,1;1,53500000000000e+02
Teniente Vidal, Coyhaique Ad.;Valle;2011;51,5;1,67900000000000e+02
Teniente Vidal, Coyhaique Ad.;Valle;2012;52,9;1,63500000000000e+02
Teniente Vidal, Coyhaique Ad.;Valle;2013;1695,6;5,27800000000000e+03
Teniente Vidal, Coyhaique Ad.;Valle;2014;54,9;1,64500000000000e+02
Teniente Vidal, Coyhaique Ad.;Valle;2015;54,5;1,68500000000000e+02
Teniente Vidal, Coyhaique Ad.;Valle;2016;1505,9;5,35380000000000e+03
Teniente Vidal, Coyhaique Ad.;Valle;2017;1568,9;4,79290000000000e+03
Teniente Vidal, Coyhaique Ad.;Valle;2018;1484,9;4,88140000000000e+03
Teniente Vidal, Coyhaique Ad.;Valle;2019;1501,4;4,92570000000000e+03
Teniente Vidal, Coyhaique Ad.;Valle;2020;1528,0;5,06820000000000e+03
Teniente Vidal, Coyhaique Ad.;Valle;2021;1648,9;5,42330000000000e+03
Teniente Vidal, Coyhaique Ad.;Valle;2022;1369,8;4,93080000000000e+03
Teniente Vidal, Coyhaique Ad.;Valle;2023;1304,3;4,83270000000000e+03
Teniente Vidal, Coyhaique Ad.;Valle;2024;714,8;2,50530000000000e+03
NA;NA;2013;2303,2;6,80390000000000e+03
NA;NA;2016;2190,3;7,09120000000000e+03
NA;NA;2017;2069,4;6,24810000000000e+03
NA;NA;2018;1973,0;6,36680000000000e+03
NA;NA;2019;2104,3;6,95780000000000e+03
NA;NA;2020;2046,7;7,03070000000000e+03
NA;NA;2021;2217,9;6,97880000000000e+03
NA;NA;2022;2189,5;6,66570000000000e+03
NA;NA;2023;1832,1;6,17600000000000e+03
NA;NA;2024;1117,6;3,69150000000000e+03
